{"stats":{"minecraft:custom":{"minecraft:time_since_rest":8546,"minecraft:play_time":90767,"minecraft:sprint_one_cm":3036,"minecraft:deaths":6,"minecraft:damage_taken":1700,"minecraft:walk_one_cm":146823,"minecraft:sneak_time":5,"minecraft:walk_under_water_one_cm":6910,"minecraft:drop":1,"minecraft:jump":176,"minecraft:damage_dealt":10,"minecraft:leave_game":3,"minecraft:walk_on_water_one_cm":12884,"minecraft:time_since_death":10945,"minecraft:climb_one_cm":396,"minecraft:total_world_time":90767,"minecraft:fall_one_cm":1022,"minecraft:fly_one_cm":5719},"minecraft:picked_up":{"minecraft:bone":1,"minecraft:arrow":1,"minecraft:wheat_seeds":1,"tombstone:grave_key":1},"minecraft:dropped":{"tombstone:grave_key":1},"minecraft:used":{"tombstone:grave_key":5},"minecraft:killed_by":{"minecraft:drowned":1}},"DataVersion":3465}