{"stats":{"minecraft:broken":{"minecraft:stone_pickaxe":19,"minecraft:stone_axe":1,"minecraft:wooden_axe":1},"minecraft:custom":{"lootr:looted_stat":6,"minecraft:mob_kills":29,"minecraft:interact_with_crafting_table":47,"minecraft:damage_dealt_resisted":29,"minecraft:leave_game":5,"minecraft:time_since_death":97629,"minecraft:climb_one_cm":1284,"minecraft:sprint_one_cm":170739,"minecraft:walk_one_cm":725932,"minecraft:drop":27,"tombstone:eaten_lollipop":2,"minecraft:play_time":187422,"minecraft:deaths":5,"minecraft:sneak_time":789,"minecraft:walk_under_water_one_cm":25774,"minecraft:jump":1299,"minecraft:walk_on_water_one_cm":34871,"minecraft:total_world_time":187422,"minecraft:interact_with_furnace":41,"minecraft:sleep_in_bed":1,"minecraft:time_since_rest":95616,"minecraft:damage_taken":2859,"minecraft:damage_dealt":4029,"minecraft:swim_one_cm":43324,"minecraft:fly_one_cm":184261,"minecraft:open_chest":17,"minecraft:crouch_one_cm":1302,"tombstone:undead_killed":5,"minecraft:fall_one_cm":24038},"minecraft:picked_up":{"minecraft:charcoal":9,"minecraft:crafting_table":5,"minecraft:wheat":9,"tombstone:grave_key":2,"minecraft:raw_copper":164,"minecraft:cooked_salmon":6,"regions_unexplored:bamboo_sapling":1,"alexsmobs:banana":1,"minecraft:jungle_sapling":1,"minecraft:sugar_cane":2,"minecraft:melon_slice":41,"delightful:green_tea_leaf":5,"minecraft:furnace":3,"minecraft:stick":25,"minecraft:raw_iron":15,"minecraft:jungle_door":1,"ecologics:coconut_slice":12,"minecraft:big_dripleaf":8,"minecraft:torch":8,"minecraft:acacia_log":10,"ecologics:coconut_seedling":4,"minecraft:porkchop":3,"tombstone:lollipop":2,"minecraft:arrow":4,"minecraft:rotten_flesh":7,"biomesoplenty:mahogany_sapling":31,"ecologics:coconut_log":5,"biomesoplenty:mahogany_stairs":12,"supplementaries:ash":7,"minecraft:mutton":10,"minecraft:white_wool":3,"minecraft:cobblestone":437,"iceandfire:silver_axe":1,"minecraft:jungle_log":8,"biomesoplenty:dried_salt":1878,"minecraft:salmon":8,"alexsmobs:acacia_blossom":1,"supplementaries:flax_seeds":3,"minecraft:gunpowder":1,"minecraft:dirt":90,"minecraft:bone":2,"minecraft:stone_bricks":23,"minecraft:wheat_seeds":53,"minecraft:stone_pickaxe":4,"minecraft:mossy_stone_bricks":1,"minecraft:bamboo":2,"galosphere:raw_silver":12,"minecraft:acacia_sapling":4,"biomesoplenty:mahogany_planks":62,"regions_unexplored:bamboo_log":11,"minecraft:pumpkin":2,"minecraft:sand":1,"artifacts:scarf_of_invisibility":1,"minecraft:jungle_leaves":1,"biomesoplenty:mahogany_log":224,"iceandfire:silver_pickaxe":1,"minecraft:granite":15,"minecraft:gray_wool":2,"minecraft:coal":26,"iceandfire:raw_silver":5},"minecraft:mined":{"iceandfire:silver_ore":4,"minecraft:jungle_leaves":2,"biomesoplenty:desert_grass":4,"minecraft:granite":15,"minecraft:grass_block":23,"biomesoplenty:dried_salt":2156,"biomesoplenty:dead_grass":5,"minecraft:large_fern":2,"minecraft:furnace":2,"minecraft:iron_ore":16,"minecraft:andesite":1,"minecraft:pumpkin":2,"treechop:chopped_log":13,"minecraft:big_dripleaf_stem":3,"supplementaries:stick":2,"minecraft:vine":3,"minecraft:stone":555,"biomesoplenty:spider_egg":1,"minecraft:jungle_door":1,"minecraft:crafting_table":7,"minecraft:torch":2,"minecraft:melon":9,"biomesoplenty:mahogany_planks":3,"galosphere:silver_ore":12,"minecraft:tall_grass":1,"minecraft:copper_ore":48,"minecraft:sugar_cane":1,"minecraft:wall_torch":5,"supplementaries:urn":4,"biomesoplenty:mahogany_log":9,"minecraft:wheat":9,"minecraft:grass":37,"biomesoplenty:mahogany_stairs":4,"minecraft:coal_ore":22,"minecraft:sand":1,"minecraft:dirt":69,"minecraft:stone_bricks":25,"minecraft:mossy_stone_bricks":1,"minecraft:fern":213},"minecraft:dropped":{"minecraft:wheat_seeds":26,"minecraft:crafting_table":1,"minecraft:cobblestone":7,"minecraft:dirt":2,"tombstone:grave_key":5,"minecraft:cooked_salmon":6,"minecraft:jungle_sapling":1,"alexsmobs:acacia_blossom":1,"biomesoplenty:mahogany_stairs":8,"minecraft:rotten_flesh":1,"minecraft:acacia_sapling":4,"minecraft:arrow":2,"minecraft:stone_pickaxe":4,"biomesoplenty:mahogany_sapling":12,"iceandfire:silver_pickaxe":1,"galosphere:silver_ingot":4},"minecraft:killed":{"minecraft:spider":3,"crittersandcompanions:dragonfly":1,"creeperoverhaul:bamboo_creeper":1,"minecraft:skeleton":2,"ecologics:coconut_crab":1,"minecraft:pig":2,"minecraft:salmon":7,"alexsmobs:seal":1,"minecraft:creeper":1,"minecraft:sheep":7,"minecraft:zombie":3},"minecraft:crafted":{"minecraft:cobblestone_slab":6,"minecraft:stone_shovel":1,"ecologics:coconut_planks":20,"biomesoplenty:mahogany_planks":420,"quark:jungle_chest":2,"minecraft:furnace":2,"biomesoplenty:mahogany_slab":360,"minecraft:cooked_mutton":7,"minecraft:stone_pickaxe":49,"biomesoplenty:mahogany_stairs":28,"galosphere:silver_ingot":6,"minecraft:stone_hoe":1,"minecraft:wooden_shovel":1,"iceandfire:silver_ingot":3,"minecraft:crafting_table":3,"minecraft:wooden_pickaxe":2,"minecraft:cooked_salmon":8,"dungeonnowloading:cobblestone_pebble":9,"minecraft:stone_axe":3,"minecraft:jungle_planks":32,"minecraft:jungle_door":3,"minecraft:charcoal":14,"minecraft:stick":168,"minecraft:iron_ingot":6,"minecraft:wooden_axe":1,"minecraft:torch":60,"iceandfire:silver_pickaxe":1},"minecraft:used":{"biomesoplenty:mahogany_planks":97,"minecraft:iron_shovel":20,"minecraft:stone_shovel":80,"biomesoplenty:mahogany_slab":360,"quark:jungle_chest":2,"tombstone:lollipop":2,"minecraft:wooden_shovel":16,"minecraft:cooked_salmon":4,"minecraft:stone_hoe":14,"minecraft:rotten_flesh":18,"minecraft:stick":2,"minecraft:torch":37,"minecraft:dirt":22,"minecraft:golden_shovel":1,"minecraft:granite":5,"minecraft:big_dripleaf":4,"biomesoplenty:mahogany_stairs":24,"minecraft:wooden_axe":32,"biomesoplenty:mahogany_sapling":1,"delightful:green_tea_leaf":1,"minecraft:furnace":5,"alexsmobs:banana":1,"tombstone:gift":2,"minecraft:wheat_seeds":23,"minecraft:cooked_mutton":7,"minecraft:mossy_stone_bricks":1,"minecraft:stone_pickaxe":2668,"minecraft:wooden_pickaxe":59,"biomesoplenty:mahogany_log":27,"minecraft:crafting_table":6,"iceandfire:silver_axe":56,"iceandfire:silver_pickaxe":132,"minecraft:melon_slice":2,"minecraft:stone_axe":161,"ecologics:coconut_slice":10,"biomesoplenty:dried_salt":2,"minecraft:cobblestone":10,"minecraft:jungle_door":3}},"DataVersion":3465}