{"stats":{"minecraft:crafted":{"minecraft:cobblestone_slab":6,"minecraft:chain":2,"minecraft:stone":0,"ironfurnaces:iron_furnace":1,"sophisticatedbackpacks:crafting_upgrade":1,"biomesoplenty:mahogany_slab":746,"minecraft:cooked_mutton":7,"minecraft:iron_boots":1,"galosphere:silver_ingot":6,"dungeonnowloading:spawner_boots":1,"minecraft:stone_hoe":1,"minecraft:wooden_shovel":1,"dungeonnowloading:spawner_frame":42,"minecraft:crafting_table":3,"minecraft:wooden_pickaxe":2,"minecraft:brush":1,"tombstone:book_of_oblivion":1,"chipped:carpenters_table":1,"minecraft:charcoal":14,"minecraft:stick":292,"minecraft:gold_ingot":6,"minecraft:iron_ingot":27,"biomesoplenty:mahogany_boat":2,"minecraft:stone_sword":1,"minecraft:stone_shovel":1,"minecraft:iron_nugget":9,"ecologics:coconut_planks":20,"biomesoplenty:mahogany_planks":772,"quark:jungle_chest":6,"biomesoplenty:dead_fence":36,"minecraft:furnace":2,"graveyard:dark_iron_ingot":1,"minecraft:bone_meal":6,"biomesoplenty:dead_stairs":24,"dungeonnowloading:spawner_leggings":1,"minecraft:stone_pickaxe":49,"biomesoplenty:mahogany_stairs":28,"more_bows_and_arrows:amethyst_bow":1,"minecraft:cooked_cod":1,"biomesoplenty:dead_planks":256,"ironchest:wood_to_iron_chest_upgrade":8,"dungeonnowloading:skull_of_chaos":1,"iceandfire:silver_ingot":3,"aquaculture:diamond_fishing_rod":1,"minecraft:cooked_salmon":11,"dungeonnowloading:cobblestone_pebble":9,"mcwbridges:bridge_torch":2,"minecraft:bucket":1,"minecraft:stone_axe":3,"minecraft:bread":12,"minecraft:air":0,"minecraft:jungle_planks":104,"regions_unexplored:redwood_planks":148,"biomesoplenty:dead_slab":162,"minecraft:jungle_door":3,"ironchest:iron_to_gold_chest_upgrade":3,"dungeonnowloading:spawner_chestplate":1,"minecraft:wooden_axe":2,"dungeonnowloading:spawner_blade":1,"minecraft:iron_leggings":1,"minecraft:torch":228,"iceandfire:silver_pickaxe":1},"minecraft:used":{"alexsmobs:emu_egg":1,"stalwart_dungeons:iron_hammer":208,"supplementaries:hourglass":6,"minecraft:iron_shovel":67,"biomesoplenty:dead_fence":33,"sophisticatedbackpacks:copper_backpack":4,"biomesoplenty:mahogany_slab":530,"minecraft:shield":120,"minecraft:iron_sword":243,"tombstone:lollipop":4,"minecraft:rotten_flesh":51,"minecraft:iron_chestplate":2,"minecraft:cocoa_beans":15,"minecraft:carrot":2,"blue_skies:winter_leaf_seeds":5,"minecraft:music_disc_13":1,"minecraft:big_dripleaf":4,"minecraft:iron_helmet":2,"aquaculture:diamond_fishing_rod":4,"biomesoplenty:mahogany_sapling":2,"delightful:green_tea_leaf":3,"ironfurnaces:iron_furnace":1,"minecraft:sweet_berries":12,"minecraft:furnace":5,"minecraft:egg":4,"minecraft:potato":3,"minecraft:mossy_stone_bricks":1,"minecraft:diorite":13,"minecraft:stone_pickaxe":2669,"minecraft:wooden_pickaxe":59,"minecraft:mossy_stone_brick_stairs":5,"minecraft:redstone_block":1,"minecraft:diamond_axe":214,"blue_skies:winter_leaves":13,"minecraft:glow_berries":7,"minecraft:golden_apple":2,"alexscaves:cave_book":7,"iceandfire:silver_axe":56,"iceandfire:silver_pickaxe":132,"chipped:warped_torch":9,"minecraft:cyan_bed":1,"minecraft:bread":20,"minecraft:melon_slice":62,"supplementaries:clock_block":1,"ironchest:iron_to_gold_chest_upgrade":3,"tombstone:grave_key":6,"biomesoplenty:glowing_moss_carpet":1,"biomesoplenty:dried_salt":2,"supplementaries:flax_seeds":4,"ecologics:coconut_slice":10,"minecraft:diamond_sword":87,"supplementaries:bamboo_spikes":1,"minecraft:cooked_rabbit":2,"minecraft:experience_bottle":12,"chipped:carpenters_table":2,"ironchest:wood_to_iron_chest_upgrade":9,"minecraft:bone_meal":3,"minecraft:cobweb":19,"more_bows_and_arrows:amethyst_bow":90,"biomesoplenty:mahogany_planks":109,"minecraft:music_disc_otherside":1,"minecraft:stone_sword":19,"minecraft:stone_shovel":80,"quark:jungle_chest":7,"minecraft:wooden_shovel":16,"minecraft:cooked_salmon":10,"minecraft:stone_hoe":14,"minecraft:cooked_chicken":1,"chipped:acacia_torch":4,"minecraft:stick":2,"minecraft:torch":261,"minecraft:brewing_stand":1,"minecraft:dirt":24,"minecraft:golden_shovel":1,"chipped:secret_jungle_door":2,"minecraft:granite":5,"minecraft:mossy_cobblestone_stairs":1,"biomesoplenty:mahogany_stairs":24,"minecraft:wooden_axe":32,"minecraft:iron_axe":13,"biomesoplenty:dead_stairs":25,"biomesoplenty:orange_sand":9,"minecraft:iron_boots":2,"biomesoplenty:dead_slab":158,"travelersbackpack:snow":1,"minecraft:smooth_basalt":2,"alexscaves:spelunkery_table":1,"quark:orange_corundum":2,"minecraft:golden_carrot":11,"ironchest:diamond_to_crystal_chest_upgrade":1,"alexsmobs:banana":2,"tombstone:gift":5,"minecraft:cooked_beef":5,"minecraft:cobbled_deepslate":23,"biomesoplenty:dead_log":26,"minecraft:iron_leggings":3,"biomesoplenty:black_sand":1,"minecraft:calcite":4,"minecraft:wheat_seeds":52,"minecraft:cooked_mutton":7,"chipped:crimson_torch":1,"minecraft:cobblestone_stairs":1,"minecraft:baked_potato":4,"farmersdelight:golden_knife":1,"minecraft:cauldron":1,"chipped:dark_oak_torch":4,"minecraft:cracked_stone_bricks":1,"biomesoplenty:mahogany_log":27,"minecraft:music_disc_cat":1,"minecraft:mossy_cobblestone":1,"biomesoplenty:mahogany_fence":1,"minecraft:crafting_table":8,"supplementaries:bomb":1,"tombstone:bag_of_seeds":3,"minecraft:apple":7,"minecraft:diamond_pickaxe":1434,"mcwbridges:bridge_torch":8,"minecraft:iron_pickaxe":131,"ironchest:diamond_to_obsidian_chest_upgrade":1,"chipped:overgrown_jungle_door":2,"biomesoplenty:mahogany_boat":9,"minecraft:stone_axe":206,"minecraft:enchanted_book":1,"minecraft:cobblestone":85,"minecraft:potion":1,"illagerinvasion:platinum_infused_hatchet":2,"minecraft:white_banner":1,"minecraft:jungle_door":3,"minecraft:bucket":1,"alexsmobs:animal_dictionary":2,"minecraft:brush":32},"minecraft:killed":{"minecraft:cave_spider":3,"minecraft:witch":1,"minecraft:spider":17,"creeperoverhaul:bamboo_creeper":2,"illagerinvasion:basher":1,"quark:forgotten":1,"minecraft:skeleton":32,"alexsmobs:leafcutter_ant":1,"minecraft:chicken":1,"ecologics:coconut_crab":1,"minecraft:silverfish":15,"illagerinvasion:inquisitor":2,"minecraft:pig":2,"minecraft:salmon":11,"alexsmobs:seal":1,"minecraft:creeper":1,"minecraft:sheep":7,"minecraft:trader_llama":2,"minecraft:pillager":1,"tinyskeletons:baby_skeleton":2,"minecraft:zombie":45,"alexsmobs:terrapin":1,"minecraft:stray":9,"minecraft:glow_squid":1,"mca:female_zombie_villager":2,"graveyard:nightmare":2,"minecraft:vindicator":2,"illagerinvasion:marauder":2,"quark:toretoise":1,"crittersandcompanions:dragonfly":1,"minecraft:drowned":1,"minecraft:husk":1,"minecraft:wandering_trader":1,"minecraft:hoglin":2,"alexsmobs:catfish":1,"endermanoverhaul:cave_enderman":1,"iceandfire:ghost":1,"minecraft:wither_skeleton":7,"minecraft:player":2,"minecraft:enderman":2},"minecraft:custom":{"lootr:looted_stat":85,"minecraft:interact_with_crafting_table":138,"goblintraders:trade_with_goblin":2,"minecraft:open_barrel":1,"minecraft:eat_cake_slice":7,"minecraft:leave_game":14,"minecraft:time_since_death":58389,"minecraft:sprint_one_cm":788412,"minecraft:damage_blocked_by_shield":6601,"minecraft:drop":266,"tombstone:eaten_lollipop":4,"minecraft:play_noteblock":1,"minecraft:talked_to_villager":2,"minecraft:play_time":772882,"minecraft:deaths":22,"minecraft:jump":4637,"minecraft:walk_on_water_one_cm":125589,"minecraft:interact_with_furnace":56,"minecraft:play_record":3,"minecraft:interact_with_loom":13,"minecraft:sleep_in_bed":7,"minecraft:damage_dealt":35755,"minecraft:player_kills":1,"minecraft:crouch_one_cm":18767,"tombstone:undead_killed":101,"tombstone:villager_killed":1,"minecraft:interact_with_smoker":5,"minecraft:inspect_dispenser":2,"minecraft:interact_with_smithing_table":1,"minecraft:inspect_dropper":2,"minecraft:interact_with_anvil":3,"minecraft:mob_kills":190,"minecraft:damage_dealt_resisted":179,"minecraft:climb_one_cm":24504,"minecraft:walk_one_cm":2419066,"minecraft:damage_dealt_absorbed":195,"minecraft:sneak_time":6474,"minecraft:walk_under_water_one_cm":80716,"minecraft:boat_one_cm":15392,"minecraft:total_world_time":772882,"tombstone:raider_killed":9,"minecraft:pot_flower":2,"minecraft:time_since_rest":58180,"minecraft:damage_taken":13602,"minecraft:damage_absorbed":47,"minecraft:trigger_trapped_chest":2,"minecraft:swim_one_cm":83584,"minecraft:fly_one_cm":570443,"minecraft:open_chest":364,"minecraft:fish_caught":3,"minecraft:fall_one_cm":101558},"minecraft:dropped":{"minecraft:nether_brick_stairs":6,"minecraft:iron_sword":1,"minecraft:piston":1,"minecraft:glass_bottle":4,"minecraft:crafting_table":3,"dungeonnowloading:skull_of_chaos":3,"biomesoplenty:mahogany_planks":53,"travelersbackpack:snow":1,"minecraft:mossy_stone_brick_stairs":1,"minecraft:cracked_stone_bricks":1,"minecraft:dirt":20,"minecraft:cooked_cod":1,"biomesoplenty:mahogany_boat":1,"minecraft:jungle_sapling":4,"minecraft:bone_meal":1,"minecraft:iron_pickaxe":1,"minecraft:gold_ingot":9,"minecraft:bone":40,"minecraft:stone_axe":1,"blue_skies:winter_leaf_seeds":11,"minecraft:iron_nugget":4,"minecraft:cobbled_deepslate":31,"minecraft:music_disc_otherside":1,"alexscaves:cave_tablet":5,"minecraft:wheat":16,"biomesoplenty:mahogany_stairs":16,"minecraft:rotten_flesh":42,"regions_unexplored:maple_sapling":2,"minecraft:carrot":3,"minecraft:leather_chestplate":1,"supplementaries:ash":10,"supplementaries:flax_seeds":13,"minecraft:tipped_arrow":13,"alexscaves:cave_book":1,"mcwbridges:bridge_torch":2,"more_bows_and_arrows:amethyst_bow":2,"minecraft:leather_leggings":2,"minecraft:acacia_sapling":4,"minecraft:iron_bars":1,"minecraft:arrow":16,"biomesoplenty:mahogany_sapling":33,"minecraft:stone_brick_stairs":1,"iceandfire:silver_pickaxe":1,"minecraft:egg":4,"minecraft:bread":5,"minecraft:enchanted_book":4,"minecraft:wheat_seeds":85,"minecraft:oak_fence":1,"minecraft:iron_helmet":3,"minecraft:cobblestone":157,"chipped:dark_oak_torch":59,"minecraft:book":12,"alexscaves:spelunkery_table":1,"minecraft:chainmail_helmet":1,"minecraft:stick":7,"biomesoplenty:mahogany_fence":2,"illagerinvasion:platinum_chunk":1,"minecraft:torch":1,"tombstone:grave_key":5,"tombstone:book_of_oblivion":1,"minecraft:melon_slice":13,"minecraft:iron_door":2,"minecraft:cooked_salmon":6,"minecraft:potion":1,"minecraft:iron_leggings":5,"minecraft:iron_shovel":3,"sophisticatedbackpacks:crafting_upgrade":2,"aether_redux:zanberry_bush_stem":2,"minecraft:paper":19,"minecraft:string":6,"minecraft:lily_pad":1,"minecraft:music_disc_cat":1,"minecraft:sweet_berries":6,"alexsmobs:acacia_blossom":1,"artifacts:kitty_slippers":1,"minecraft:stone_sword":4,"minecraft:iron_boots":3,"alexscaves:cave_codex":1,"minecraft:torchflower_seeds":1,"minecraft:filled_map":1,"minecraft:shield":4,"aether:chainmail_gloves":2,"minecraft:diamond_pickaxe":1,"minecraft:iron_chestplate":4,"minecraft:golden_leggings":1,"minecraft:oak_sapling":2,"minecraft:spider_eye":4,"minecraft:diamond_boots":2,"sophisticatedbackpacks:copper_backpack":1,"minecraft:bow":2,"minecraft:stone_pickaxe":5,"crittersandcompanions:grappling_hook":2,"galosphere:silver_ingot":4},"minecraft:mined":{"minecraft:large_amethyst_bud":2,"biomesoplenty:glowshroom":7,"minecraft:stone_pressure_plate":3,"minecraft:cobblestone_stairs":1,"minecraft:jungle_leaves":3,"minecraft:brewing_stand":1,"minecraft:granite":117,"minecraft:grass_block":33,"biomesoplenty:dried_salt":2278,"minecraft:spawner":56,"diagonalfences:biomesoplenty/dead_fence":5,"chipped:secret_jungle_door":2,"minecraft:tall_seagrass":1,"minecraft:mossy_cobblestone_stairs":1,"minecraft:iron_ore":38,"minecraft:cobbled_deepslate":3,"minecraft:pumpkin":2,"minecraft:deepslate_lapis_ore":2,"minecraft:nether_brick_stairs":3,"biomesoplenty:hanging_cobweb":1,"biomesoplenty:glowshroom_block":1,"supplementaries:stick":2,"mcwbridges:bridge_torch":7,"biomesoplenty:webbing":1,"minecraft:iron_bars":16,"sophisticatedbackpacks:copper_backpack":4,"quark:red_corundum_cluster":1,"minecraft:piston_head":1,"minecraft:deepslate_redstone_ore":22,"minecraft:jungle_door":3,"minecraft:quartz_block":20,"chipped:dark_oak_wall_torch":1,"supplementaries:book_pile":1,"minecraft:amethyst_cluster":7,"biomesoplenty:hanging_cobweb_strand":1,"minecraft:note_block":1,"minecraft:torch":11,"regions_unexplored:glowing_yellow_bioshroom_block":1,"minecraft:calcite":4,"minecraft:melon":22,"minecraft:mushroom_stem":5,"galosphere:silver_ore":12,"chipped:warped_wall_torch":1,"minecraft:cobblestone":16,"minecraft:cyan_bed":1,"minecraft:sugar_cane":1,"biomesoplenty:mahogany_slab":1,"minecraft:iron_door":3,"minecraft:wall_torch":17,"minecraft:amethyst_block":11,"minecraft:seagrass":2,"minecraft:repeater":1,"supplementaries:hourglass":5,"minecraft:wheat":41,"chipped:crimson_torch":1,"minecraft:jukebox":1,"minecraft:pitcher_plant":1,"minecraft:stone_brick_stairs":1,"minecraft:grass":47,"biomesoplenty:dead_log":14,"minecraft:sand":1,"minecraft:dirt":86,"minecraft:smooth_basalt":2,"regions_unexplored:glistering_sprout":1,"minecraft:oak_leaves":9,"minecraft:deepslate":594,"alexscaves:spelunkery_table":2,"minecraft:tuff":58,"iceandfire:silver_ore":6,"minecraft:mossy_cobblestone":7,"minecraft:deepslate_diamond_ore":25,"biomesoplenty:desert_grass":4,"minecraft:nether_bricks":12,"minecraft:spruce_fence":2,"biomesoplenty:mahogany_sapling":2,"biomesoplenty:dead_grass":5,"minecraft:large_fern":2,"minecraft:redstone_ore":1,"minecraft:furnace":3,"supplementaries:bamboo_spikes":1,"supplementaries:flax":10,"minecraft:andesite":63,"treechop:chopped_log":21,"minecraft:big_dripleaf_stem":3,"minecraft:mossy_stone_brick_stairs":5,"minecraft:bookshelf":4,"minecraft:deepslate_iron_ore":2,"minecraft:vine":110,"crittersandcompanions:silk_cocoon":2,"biomesoplenty:spider_egg":2,"minecraft:stone":853,"minecraft:podzol":1,"minecraft:redstone_block":2,"biomesoplenty:orange_sand":2,"minecraft:oak_fence":1,"minecraft:crafting_table":10,"biomesoplenty:mahogany_planks":3,"chipped:carpenters_table":1,"biomesoplenty:dead_stairs":7,"minecraft:copper_ore":58,"minecraft:tall_grass":2,"minecraft:deepslate_gold_ore":4,"minecraft:lapis_ore":6,"minecraft:diorite":16,"supplementaries:urn":41,"biomesoplenty:dead_slab":6,"biomesoplenty:mahogany_log":9,"minecraft:coal_ore":22,"biomesoplenty:mahogany_stairs":4,"minecraft:cocoa":5,"minecraft:gravel":25,"minecraft:cobweb":19,"minecraft:cracked_stone_bricks":5,"minecraft:stone_bricks":25,"minecraft:mossy_stone_bricks":7,"minecraft:fern":293,"chipped:acacia_torch":4},"minecraft:broken":{"minecraft:iron_boots":1,"minecraft:iron_chestplate":1,"minecraft:iron_leggings":1,"minecraft:stone_pickaxe":19,"minecraft:stone_axe":1,"minecraft:iron_sword":1,"minecraft:wooden_axe":1,"quark:forgotten_hat":1,"minecraft:shield":1,"aether:leather_gloves":1},"minecraft:killed_by":{"minecraft:player":1},"minecraft:picked_up":{"minecraft:iron_chestplate":6,"minecraft:wheat":53,"minecraft:redstone_block":1,"minecraft:chainmail_boots":1,"illagerinvasion:platinum_chunk":2,"quark:orange_corundum":2,"minecraft:lead":4,"iceandfire:armor_copper_metal_chestplate":1,"alexscaves:cave_tablet":2,"regions_unexplored:glistering_sprout":3,"minecraft:brown_bed":1,"minecraft:enchanted_book":8,"minecraft:stone_brick_stairs":1,"tombstone:grave_key":2,"minecraft:brewing_stand":1,"crittersandcompanions:grappling_hook":3,"minecraft:amethyst_block":11,"minecraft:music_disc_cat":3,"minecraft:string":34,"minecraft:raw_copper":203,"minecraft:cooked_salmon":7,"blue_skies:solnut":3,"minecraft:iron_leggings":8,"minecraft:pufferfish":1,"minecraft:zombie_head":3,"alexsmobs:banana":1,"minecraft:gold_nugget":7,"illagerinvasion:platinum_infused_hatchet":2,"biomesoplenty:dead_sapling":4,"alexsmobs:emu_feather":1,"regions_unexplored:bamboo_sapling":1,"supplementaries:hourglass":5,"minecraft:cobbled_deepslate":566,"mcwbridges:bridge_torch":8,"minecraft:calcite":4,"minecraft:iron_pickaxe":2,"delightful:green_tea_leaf":7,"minecraft:melon_slice":120,"biomesoplenty:dead_slab":12,"wstweaks:fragment":23,"minecraft:iron_boots":6,"minecraft:furnace":4,"minecraft:golden_helmet":1,"minecraft:tipped_arrow":7,"minecraft:stick":48,"minecraft:jungle_door":3,"minecraft:jukebox":1,"minecraft:big_dripleaf":10,"minecraft:oak_fence":1,"minecraft:torch":69,"minecraft:acacia_log":10,"ecologics:coconut_seedling":4,"tombstone:book_of_oblivion":2,"quark:yellow_corundum_cluster":2,"minecraft:porkchop":3,"minecraft:golden_axe":1,"minecraft:pointed_dripstone":19,"tombstone:grave_dust":21,"minecraft:diorite":13,"biomesoplenty:mahogany_fence":5,"supplementaries:flax":1,"ironchest:diamond_to_obsidian_chest_upgrade":1,"tombstone:lollipop":5,"minecraft:quartz_block":11,"minecraft:stone_sword":4,"minecraft:rotten_flesh":62,"biomesoplenty:mahogany_sapling":51,"aether:chainmail_gloves":1,"supplementaries:antique_ink":4,"ecologics:coconut_log":5,"supplementaries:ash":179,"minecraft:iron_bars":20,"minecraft:cod":1,"minecraft:cobblestone":832,"chipped:warped_torch":1,"minecraft:feather":1,"minecraft:iron_door":5,"biomesoplenty:dried_salt":2000,"minecraft:andesite":62,"minecraft:jungle_log":26,"minecraft:golden_leggings":1,"biomesoplenty:glowshroom":7,"minecraft:potato":3,"biomesoplenty:dead_log":111,"paraglider:spirit_orb":104,"minecraft:tuff":56,"biomesoplenty:mahogany_boat":8,"supplementaries:flax_seeds":22,"chipped:crimson_torch":1,"minecraft:lapis_lazuli":52,"minecraft:dirt":125,"minecraft:name_tag":1,"minecraft:bone":129,"supplementaries:cartographers_quill":1,"minecraft:bow":3,"minecraft:wheat_seeds":233,"stalwart_dungeons:iron_hammer":1,"minecraft:raw_gold":10,"minecraft:diamond_helmet":1,"minecraft:mossy_stone_bricks":5,"minecraft:bamboo":2,"galosphere:raw_silver":12,"biomesoplenty:mahogany_planks":145,"minecraft:stone_hoe":1,"minecraft:mossy_stone_brick_stairs":6,"regions_unexplored:bamboo_log":11,"minecraft:music_disc_13":1,"minecraft:sand":1,"minecraft:nether_brick_stairs":6,"alexsmobs:animal_dictionary":2,"minecraft:cyan_bed":1,"minecraft:mossy_cobblestone":3,"galosphere:silver_nugget":2,"minecraft:jungle_leaves":1,"minecraft:bundle":1,"chipped:carpenters_table":1,"supplementaries:bamboo_spikes":1,"minecraft:deepslate":2,"minecraft:diamond":70,"ironchest:diamond_to_crystal_chest_upgrade":1,"minecraft:granite":117,"minecraft:bone_meal":1,"nethersdelight:hoglin_loin":4,"biomesoplenty:dead_fence":5,"minecraft:chainmail_helmet":1,"minecraft:bread":5,"minecraft:emerald":18,"alexsmobs:maggot":1,"minecraft:netherrack":3,"minecraft:oak_sapling":2,"iceandfire:raw_silver":7,"minecraft:diamond_pickaxe":1,"more_bows_and_arrows:amethyst_bow":2,"minecraft:cocoa_beans":18,"minecraft:charcoal":39,"minecraft:crafting_table":11,"iceandfire:witherbone":5,"minecraft:leather_leggings":2,"minecraft:brown_mushroom":2,"minecraft:shield":4,"minecraft:iron_shovel":4,"dungeonnowloading:spawner_fragment":245,"graveyard:corruption":3,"aether_redux:zanberry_bush_stem":1,"minecraft:cracked_stone_bricks":5,"biomesoplenty:black_sand":1,"minecraft:candle":2,"minecraft:music_disc_otherside":3,"aquaculture:diamond_fishing_rod":1,"minecraft:jungle_sapling":4,"minecraft:iron_nugget":4,"minecraft:sugar_cane":2,"farmersdelight:golden_knife":2,"crittersandcompanions:clam":2,"minecraft:piston":1,"quark:orange_corundum_cluster":2,"minecraft:egg":4,"minecraft:raw_iron":92,"minecraft:copper_ingot":1,"ecologics:coconut_slice":12,"sophisticatedbackpacks:crafting_upgrade":2,"quark:jungle_chest":1,"minecraft:note_block":1,"minecraft:spruce_fence":1,"iceandfire:armor_copper_metal_boots":1,"blue_skies:winter_leaves":14,"minecraft:carrot":3,"minecraft:redstone":104,"minecraft:stone_pressure_plate":6,"travelersbackpack:snow":2,"minecraft:arrow":53,"chipped:secret_jungle_door":2,"regions_unexplored:maple_sapling":1,"minecraft:nether_bricks":15,"minecraft:shears":1,"minecraft:diamond_boots":2,"crittersandcompanions:silk":8,"alexscaves:spelunkery_table":2,"biomesoplenty:mahogany_stairs":12,"dungeonnowloading:skull_of_chaos":3,"tombstone:essence_of_undeath":1,"sophisticatedbackpacks:copper_backpack":6,"minecraft:glow_berries":5,"minecraft:mutton":10,"biomesoplenty:orange_sand":6,"minecraft:white_wool":3,"iceandfire:silver_axe":1,"minecraft:glow_ink_sac":4,"minecraft:salmon":14,"minecraft:leather":11,"alexsmobs:acacia_blossom":1,"biomesoplenty:dead_stairs":7,"minecraft:filled_map":2,"minecraft:lily_pad":3,"iceandfire:ectoplasm":5,"iceandfire:armor_copper_metal_helmet":1,"minecraft:gunpowder":10,"minecraft:cobblestone_stairs":1,"minecraft:paper":5,"tombstone:gift":1,"minecraft:white_banner":1,"biomesoplenty:glowing_moss_carpet":1,"quark:forgotten_hat":1,"biomesoplenty:mahogany_slab":5,"minecraft:apple":2,"minecraft:stone_bricks":23,"minecraft:iron_ingot":16,"minecraft:stone_pickaxe":6,"minecraft:cobweb":22,"tombstone:bag_of_seeds":2,"minecraft:glass_bottle":1,"minecraft:iron_sword":2,"minecraft:acacia_sapling":4,"minecraft:book":12,"blue_skies:winter_leaf_seeds":20,"minecraft:smooth_basalt":2,"minecraft:pitcher_plant":2,"minecraft:pumpkin":2,"minecraft:torchflower_seeds":1,"minecraft:gravel":25,"minecraft:amethyst_shard":24,"artifacts:scarf_of_invisibility":2,"minecraft:spider_eye":13,"alexsmobs:raw_catfish":1,"biomesoplenty:mahogany_log":288,"iceandfire:silver_pickaxe":1,"minecraft:stone_axe":3,"minecraft:chainmail_leggings":2,"minecraft:iron_helmet":4,"chipped:dark_oak_torch":61,"minecraft:gray_wool":2,"minecraft:mossy_cobblestone_stairs":1,"tombstone:magic_scroll":2,"alexscaves:cave_map":1,"minecraft:baked_potato":3,"chipped:acacia_torch":4,"minecraft:coal":51,"minecraft:ender_pearl":1}},"DataVersion":3465}