{"stats":{"minecraft:broken":{"minecraft:stone_pickaxe":19,"minecraft:wooden_axe":1},"minecraft:custom":{"lootr:looted_stat":6,"minecraft:mob_kills":27,"minecraft:interact_with_crafting_table":38,"minecraft:damage_dealt_resisted":29,"minecraft:leave_game":4,"minecraft:time_since_death":76224,"minecraft:climb_one_cm":1284,"minecraft:sprint_one_cm":149874,"minecraft:walk_one_cm":612432,"minecraft:drop":17,"tombstone:eaten_lollipop":1,"minecraft:play_time":166017,"minecraft:deaths":5,"minecraft:sneak_time":642,"minecraft:walk_under_water_one_cm":25624,"minecraft:jump":1156,"minecraft:walk_on_water_one_cm":34379,"minecraft:total_world_time":166017,"minecraft:interact_with_furnace":37,"minecraft:sleep_in_bed":1,"minecraft:time_since_rest":74211,"minecraft:damage_taken":2559,"minecraft:damage_dealt":3670,"minecraft:swim_one_cm":43324,"minecraft:fly_one_cm":174013,"minecraft:open_chest":10,"minecraft:crouch_one_cm":915,"tombstone:undead_killed":4,"minecraft:fall_one_cm":21189},"minecraft:picked_up":{"minecraft:charcoal":9,"minecraft:crafting_table":4,"tombstone:grave_key":2,"minecraft:raw_copper":164,"minecraft:cooked_salmon":6,"regions_unexplored:bamboo_sapling":1,"alexsmobs:banana":1,"minecraft:jungle_sapling":1,"minecraft:sugar_cane":2,"minecraft:melon_slice":41,"delightful:green_tea_leaf":1,"minecraft:furnace":3,"minecraft:stick":14,"minecraft:raw_iron":15,"minecraft:jungle_door":1,"ecologics:coconut_slice":12,"minecraft:big_dripleaf":8,"minecraft:torch":8,"minecraft:acacia_log":10,"ecologics:coconut_seedling":4,"minecraft:porkchop":3,"tombstone:lollipop":1,"minecraft:arrow":2,"minecraft:rotten_flesh":7,"biomesoplenty:mahogany_sapling":8,"ecologics:coconut_log":5,"supplementaries:ash":7,"minecraft:mutton":10,"minecraft:white_wool":3,"minecraft:cobblestone":437,"iceandfire:silver_axe":1,"minecraft:jungle_log":8,"biomesoplenty:dried_salt":1878,"minecraft:salmon":8,"alexsmobs:acacia_blossom":1,"supplementaries:flax_seeds":3,"minecraft:gunpowder":1,"minecraft:dirt":83,"minecraft:bone":2,"minecraft:stone_bricks":23,"minecraft:wheat_seeds":20,"minecraft:stone_pickaxe":4,"minecraft:mossy_stone_bricks":1,"minecraft:bamboo":2,"galosphere:raw_silver":12,"minecraft:acacia_sapling":4,"biomesoplenty:mahogany_planks":58,"regions_unexplored:bamboo_log":11,"minecraft:pumpkin":2,"minecraft:sand":1,"artifacts:scarf_of_invisibility":1,"minecraft:jungle_leaves":1,"biomesoplenty:mahogany_log":77,"iceandfire:silver_pickaxe":1,"minecraft:granite":15,"minecraft:gray_wool":2,"minecraft:coal":26,"iceandfire:raw_silver":5},"minecraft:mined":{"iceandfire:silver_ore":4,"minecraft:jungle_leaves":2,"biomesoplenty:desert_grass":4,"minecraft:granite":15,"minecraft:grass_block":18,"biomesoplenty:dried_salt":2156,"biomesoplenty:dead_grass":5,"minecraft:large_fern":2,"minecraft:furnace":2,"minecraft:iron_ore":16,"minecraft:andesite":1,"minecraft:pumpkin":2,"treechop:chopped_log":7,"minecraft:big_dripleaf_stem":3,"minecraft:vine":3,"minecraft:stone":555,"biomesoplenty:spider_egg":1,"minecraft:jungle_door":1,"minecraft:crafting_table":6,"minecraft:torch":2,"minecraft:melon":9,"galosphere:silver_ore":12,"minecraft:copper_ore":48,"minecraft:tall_grass":1,"minecraft:sugar_cane":1,"minecraft:wall_torch":5,"supplementaries:urn":4,"biomesoplenty:mahogany_log":1,"minecraft:grass":27,"minecraft:coal_ore":22,"minecraft:sand":1,"minecraft:dirt":67,"minecraft:stone_bricks":25,"minecraft:mossy_stone_bricks":1,"minecraft:fern":116},"minecraft:dropped":{"minecraft:wheat_seeds":2,"tombstone:grave_key":5,"minecraft:cooked_salmon":6,"alexsmobs:acacia_blossom":1,"minecraft:rotten_flesh":1,"minecraft:acacia_sapling":4,"minecraft:stone_pickaxe":4,"iceandfire:silver_pickaxe":1,"galosphere:silver_ingot":4},"minecraft:killed":{"minecraft:spider":2,"crittersandcompanions:dragonfly":1,"creeperoverhaul:bamboo_creeper":1,"minecraft:skeleton":1,"ecologics:coconut_crab":1,"minecraft:pig":2,"minecraft:salmon":7,"alexsmobs:seal":1,"minecraft:creeper":1,"minecraft:sheep":7,"minecraft:zombie":3},"minecraft:crafted":{"minecraft:cobblestone_slab":6,"minecraft:stone_shovel":1,"ecologics:coconut_planks":20,"biomesoplenty:mahogany_planks":100,"quark:jungle_chest":2,"minecraft:furnace":2,"minecraft:cooked_mutton":7,"minecraft:stone_pickaxe":49,"galosphere:silver_ingot":6,"minecraft:stone_hoe":1,"minecraft:wooden_shovel":1,"iceandfire:silver_ingot":3,"minecraft:crafting_table":2,"minecraft:wooden_pickaxe":2,"minecraft:cooked_salmon":8,"dungeonnowloading:cobblestone_pebble":9,"minecraft:stone_axe":1,"minecraft:jungle_planks":32,"minecraft:jungle_door":3,"minecraft:charcoal":14,"minecraft:stick":168,"minecraft:iron_ingot":6,"minecraft:wooden_axe":1,"minecraft:torch":60,"iceandfire:silver_pickaxe":1},"minecraft:used":{"minecraft:iron_shovel":20,"minecraft:stone_shovel":80,"quark:jungle_chest":2,"tombstone:lollipop":1,"minecraft:wooden_shovel":16,"minecraft:cooked_salmon":4,"minecraft:stone_hoe":14,"minecraft:rotten_flesh":18,"minecraft:torch":35,"minecraft:dirt":21,"minecraft:golden_shovel":1,"minecraft:granite":5,"minecraft:big_dripleaf":4,"minecraft:wooden_axe":32,"delightful:green_tea_leaf":1,"minecraft:furnace":5,"alexsmobs:banana":1,"tombstone:gift":2,"minecraft:wheat_seeds":14,"minecraft:cooked_mutton":7,"minecraft:mossy_stone_bricks":1,"minecraft:stone_pickaxe":2668,"minecraft:wooden_pickaxe":59,"biomesoplenty:mahogany_log":9,"minecraft:crafting_table":5,"iceandfire:silver_axe":56,"iceandfire:silver_pickaxe":132,"minecraft:melon_slice":2,"minecraft:stone_axe":50,"biomesoplenty:dried_salt":2,"ecologics:coconut_slice":10,"minecraft:cobblestone":10,"minecraft:jungle_door":3}},"DataVersion":3465}