{"stats":{"minecraft:crafted":{"minecraft:cobblestone_slab":6,"ironfurnaces:iron_furnace":1,"sophisticatedbackpacks:crafting_upgrade":1,"biomesoplenty:mahogany_slab":746,"minecraft:cooked_mutton":7,"minecraft:iron_boots":1,"galosphere:silver_ingot":6,"minecraft:stone_hoe":1,"minecraft:wooden_shovel":1,"dungeonnowloading:spawner_frame":18,"minecraft:crafting_table":3,"minecraft:wooden_pickaxe":2,"minecraft:brush":1,"tombstone:book_of_oblivion":1,"chipped:carpenters_table":1,"minecraft:charcoal":14,"minecraft:stick":292,"minecraft:iron_ingot":27,"biomesoplenty:mahogany_boat":2,"minecraft:stone_sword":1,"minecraft:stone_shovel":1,"ecologics:coconut_planks":20,"biomesoplenty:mahogany_planks":772,"quark:jungle_chest":6,"biomesoplenty:dead_fence":36,"minecraft:furnace":2,"graveyard:dark_iron_ingot":1,"minecraft:bone_meal":6,"biomesoplenty:dead_stairs":24,"minecraft:stone_pickaxe":49,"biomesoplenty:mahogany_stairs":28,"more_bows_and_arrows:amethyst_bow":1,"biomesoplenty:dead_planks":256,"iceandfire:silver_ingot":3,"aquaculture:diamond_fishing_rod":1,"minecraft:cooked_salmon":8,"dungeonnowloading:cobblestone_pebble":9,"mcwbridges:bridge_torch":2,"minecraft:bucket":1,"minecraft:stone_axe":3,"minecraft:bread":12,"minecraft:jungle_planks":104,"biomesoplenty:dead_slab":162,"minecraft:jungle_door":3,"minecraft:wooden_axe":2,"minecraft:iron_leggings":1,"minecraft:torch":228,"iceandfire:silver_pickaxe":1},"minecraft:used":{"alexsmobs:emu_egg":1,"stalwart_dungeons:iron_hammer":115,"supplementaries:hourglass":6,"minecraft:iron_shovel":66,"biomesoplenty:dead_fence":33,"sophisticatedbackpacks:copper_backpack":3,"biomesoplenty:mahogany_slab":530,"minecraft:shield":75,"minecraft:iron_sword":243,"tombstone:lollipop":3,"minecraft:rotten_flesh":46,"minecraft:iron_chestplate":2,"minecraft:cocoa_beans":15,"minecraft:carrot":2,"blue_skies:winter_leaf_seeds":5,"minecraft:big_dripleaf":4,"minecraft:iron_helmet":2,"aquaculture:diamond_fishing_rod":4,"biomesoplenty:mahogany_sapling":2,"delightful:green_tea_leaf":3,"ironfurnaces:iron_furnace":1,"minecraft:sweet_berries":12,"minecraft:furnace":5,"minecraft:egg":4,"minecraft:potato":3,"minecraft:mossy_stone_bricks":1,"minecraft:diorite":13,"minecraft:stone_pickaxe":2669,"minecraft:wooden_pickaxe":59,"minecraft:mossy_stone_brick_stairs":1,"minecraft:redstone_block":1,"minecraft:diamond_axe":213,"blue_skies:winter_leaves":12,"minecraft:glow_berries":7,"minecraft:golden_apple":1,"alexscaves:cave_book":7,"iceandfire:silver_axe":56,"iceandfire:silver_pickaxe":132,"chipped:warped_torch":9,"minecraft:cyan_bed":1,"minecraft:bread":15,"minecraft:melon_slice":62,"supplementaries:clock_block":1,"tombstone:grave_key":6,"biomesoplenty:glowing_moss_carpet":1,"biomesoplenty:dried_salt":2,"supplementaries:flax_seeds":4,"ecologics:coconut_slice":10,"supplementaries:bamboo_spikes":1,"minecraft:cooked_rabbit":2,"chipped:carpenters_table":2,"minecraft:bone_meal":3,"minecraft:cobweb":19,"more_bows_and_arrows:amethyst_bow":48,"biomesoplenty:mahogany_planks":109,"minecraft:stone_sword":19,"minecraft:stone_shovel":80,"quark:jungle_chest":6,"minecraft:wooden_shovel":16,"minecraft:cooked_salmon":8,"minecraft:stone_hoe":14,"minecraft:cooked_chicken":1,"minecraft:brewing_stand":1,"minecraft:stick":2,"minecraft:torch":162,"chipped:acacia_torch":4,"minecraft:dirt":24,"minecraft:golden_shovel":1,"chipped:secret_jungle_door":2,"minecraft:granite":5,"minecraft:mossy_cobblestone_stairs":1,"biomesoplenty:mahogany_stairs":24,"minecraft:wooden_axe":32,"minecraft:iron_axe":13,"biomesoplenty:dead_stairs":25,"biomesoplenty:orange_sand":9,"minecraft:iron_boots":2,"biomesoplenty:dead_slab":158,"travelersbackpack:snow":1,"minecraft:smooth_basalt":2,"alexscaves:spelunkery_table":1,"quark:orange_corundum":2,"alexsmobs:banana":2,"tombstone:gift":5,"minecraft:cooked_beef":2,"minecraft:cobbled_deepslate":23,"biomesoplenty:dead_log":26,"minecraft:iron_leggings":3,"biomesoplenty:black_sand":1,"minecraft:calcite":4,"minecraft:wheat_seeds":52,"minecraft:cooked_mutton":7,"chipped:crimson_torch":1,"minecraft:cobblestone_stairs":1,"minecraft:baked_potato":4,"farmersdelight:golden_knife":1,"chipped:dark_oak_torch":4,"minecraft:cracked_stone_bricks":1,"biomesoplenty:mahogany_log":27,"minecraft:mossy_cobblestone":1,"biomesoplenty:mahogany_fence":1,"minecraft:crafting_table":8,"tombstone:bag_of_seeds":1,"minecraft:apple":4,"minecraft:diamond_pickaxe":1306,"mcwbridges:bridge_torch":8,"minecraft:iron_pickaxe":131,"chipped:overgrown_jungle_door":2,"biomesoplenty:mahogany_boat":9,"minecraft:stone_axe":206,"minecraft:enchanted_book":1,"minecraft:cobblestone":85,"minecraft:potion":1,"illagerinvasion:platinum_infused_hatchet":2,"minecraft:white_banner":1,"minecraft:jungle_door":3,"minecraft:bucket":1,"alexsmobs:animal_dictionary":2,"minecraft:brush":32},"minecraft:killed":{"minecraft:cave_spider":1,"minecraft:spider":13,"creeperoverhaul:bamboo_creeper":1,"illagerinvasion:basher":1,"quark:forgotten":1,"minecraft:skeleton":17,"alexsmobs:leafcutter_ant":1,"minecraft:chicken":1,"ecologics:coconut_crab":1,"minecraft:silverfish":15,"illagerinvasion:inquisitor":2,"minecraft:pig":2,"minecraft:salmon":11,"alexsmobs:seal":1,"minecraft:creeper":1,"minecraft:sheep":7,"minecraft:trader_llama":2,"minecraft:pillager":1,"tinyskeletons:baby_skeleton":2,"minecraft:zombie":32,"alexsmobs:terrapin":1,"minecraft:stray":3,"minecraft:glow_squid":1,"mca:female_zombie_villager":2,"graveyard:nightmare":2,"minecraft:vindicator":2,"illagerinvasion:marauder":2,"quark:toretoise":1,"crittersandcompanions:dragonfly":1,"minecraft:drowned":1,"minecraft:wandering_trader":1,"alexsmobs:catfish":1,"endermanoverhaul:cave_enderman":1,"iceandfire:ghost":1,"minecraft:wither_skeleton":3},"minecraft:custom":{"lootr:looted_stat":43,"minecraft:interact_with_crafting_table":105,"minecraft:open_barrel":1,"minecraft:eat_cake_slice":7,"minecraft:leave_game":13,"minecraft:time_since_death":36347,"minecraft:sprint_one_cm":570283,"minecraft:damage_blocked_by_shield":4200,"minecraft:drop":231,"tombstone:eaten_lollipop":3,"minecraft:play_noteblock":1,"minecraft:talked_to_villager":2,"minecraft:play_time":640212,"minecraft:deaths":21,"minecraft:jump":4200,"minecraft:walk_on_water_one_cm":117050,"minecraft:interact_with_furnace":49,"minecraft:interact_with_loom":13,"minecraft:sleep_in_bed":7,"minecraft:damage_dealt":26012,"minecraft:crouch_one_cm":16261,"tombstone:undead_killed":62,"tombstone:villager_killed":1,"minecraft:inspect_dispenser":2,"minecraft:interact_with_smithing_table":1,"minecraft:inspect_dropper":2,"minecraft:interact_with_anvil":3,"minecraft:mob_kills":139,"minecraft:damage_dealt_resisted":179,"minecraft:climb_one_cm":22522,"minecraft:walk_one_cm":2017227,"minecraft:damage_dealt_absorbed":195,"minecraft:sneak_time":5384,"minecraft:walk_under_water_one_cm":76677,"minecraft:boat_one_cm":15392,"minecraft:total_world_time":640212,"tombstone:raider_killed":8,"minecraft:pot_flower":2,"minecraft:time_since_rest":36197,"minecraft:damage_taken":11497,"minecraft:damage_absorbed":20,"minecraft:trigger_trapped_chest":2,"minecraft:swim_one_cm":78184,"minecraft:fly_one_cm":514696,"minecraft:open_chest":234,"minecraft:fish_caught":3,"minecraft:fall_one_cm":74241},"minecraft:dropped":{"minecraft:iron_sword":1,"minecraft:piston":1,"minecraft:glass_bottle":4,"minecraft:crafting_table":3,"biomesoplenty:mahogany_planks":53,"travelersbackpack:snow":1,"minecraft:mossy_stone_brick_stairs":1,"minecraft:cracked_stone_bricks":1,"minecraft:dirt":20,"biomesoplenty:mahogany_boat":1,"minecraft:jungle_sapling":4,"minecraft:bone_meal":1,"minecraft:iron_pickaxe":1,"minecraft:gold_ingot":9,"minecraft:bone":36,"minecraft:stone_axe":1,"blue_skies:winter_leaf_seeds":11,"minecraft:iron_nugget":4,"minecraft:cobbled_deepslate":31,"alexscaves:cave_tablet":5,"biomesoplenty:mahogany_stairs":16,"minecraft:rotten_flesh":42,"regions_unexplored:maple_sapling":2,"minecraft:carrot":3,"supplementaries:ash":10,"minecraft:leather_chestplate":1,"supplementaries:flax_seeds":13,"minecraft:tipped_arrow":11,"alexscaves:cave_book":1,"mcwbridges:bridge_torch":2,"more_bows_and_arrows:amethyst_bow":2,"minecraft:leather_leggings":1,"minecraft:acacia_sapling":4,"minecraft:iron_bars":1,"minecraft:arrow":16,"biomesoplenty:mahogany_sapling":33,"minecraft:stone_brick_stairs":1,"iceandfire:silver_pickaxe":1,"minecraft:egg":4,"minecraft:bread":5,"minecraft:enchanted_book":4,"minecraft:wheat_seeds":85,"minecraft:oak_fence":1,"minecraft:iron_helmet":3,"minecraft:cobblestone":157,"minecraft:book":12,"chipped:dark_oak_torch":59,"alexscaves:spelunkery_table":1,"minecraft:stick":7,"biomesoplenty:mahogany_fence":2,"illagerinvasion:platinum_chunk":1,"tombstone:grave_key":5,"minecraft:melon_slice":13,"minecraft:iron_door":2,"minecraft:cooked_salmon":6,"minecraft:iron_leggings":5,"sophisticatedbackpacks:crafting_upgrade":2,"aether_redux:zanberry_bush_stem":2,"minecraft:paper":19,"minecraft:string":6,"minecraft:lily_pad":1,"minecraft:sweet_berries":6,"alexsmobs:acacia_blossom":1,"artifacts:kitty_slippers":1,"minecraft:stone_sword":4,"minecraft:iron_boots":2,"alexscaves:cave_codex":1,"minecraft:torchflower_seeds":1,"minecraft:shield":2,"minecraft:diamond_pickaxe":1,"minecraft:iron_chestplate":1,"minecraft:oak_sapling":2,"minecraft:spider_eye":4,"minecraft:diamond_boots":2,"minecraft:stone_pickaxe":5,"crittersandcompanions:grappling_hook":2,"galosphere:silver_ingot":4},"minecraft:mined":{"minecraft:large_amethyst_bud":2,"biomesoplenty:glowshroom":7,"minecraft:stone_pressure_plate":1,"minecraft:cobblestone_stairs":1,"minecraft:jungle_leaves":3,"minecraft:brewing_stand":1,"minecraft:granite":117,"minecraft:grass_block":33,"biomesoplenty:dried_salt":2278,"minecraft:spawner":19,"diagonalfences:biomesoplenty/dead_fence":5,"chipped:secret_jungle_door":2,"minecraft:tall_seagrass":1,"minecraft:iron_ore":38,"minecraft:cobbled_deepslate":3,"minecraft:pumpkin":2,"minecraft:deepslate_lapis_ore":2,"biomesoplenty:glowshroom_block":1,"supplementaries:stick":2,"mcwbridges:bridge_torch":7,"minecraft:iron_bars":6,"sophisticatedbackpacks:copper_backpack":2,"minecraft:piston_head":1,"minecraft:deepslate_redstone_ore":22,"minecraft:jungle_door":3,"minecraft:quartz_block":4,"chipped:dark_oak_wall_torch":1,"supplementaries:book_pile":1,"minecraft:amethyst_cluster":7,"minecraft:note_block":1,"minecraft:torch":9,"minecraft:calcite":4,"minecraft:melon":22,"minecraft:mushroom_stem":5,"galosphere:silver_ore":12,"chipped:warped_wall_torch":1,"minecraft:cobblestone":16,"minecraft:cyan_bed":1,"minecraft:sugar_cane":1,"biomesoplenty:mahogany_slab":1,"minecraft:iron_door":1,"minecraft:wall_torch":10,"minecraft:amethyst_block":11,"minecraft:seagrass":2,"minecraft:repeater":1,"supplementaries:hourglass":5,"minecraft:wheat":41,"chipped:crimson_torch":1,"minecraft:pitcher_plant":1,"minecraft:stone_brick_stairs":1,"minecraft:grass":47,"biomesoplenty:dead_log":14,"minecraft:sand":1,"minecraft:dirt":86,"minecraft:smooth_basalt":2,"minecraft:oak_leaves":9,"minecraft:deepslate":593,"alexscaves:spelunkery_table":2,"minecraft:tuff":58,"iceandfire:silver_ore":6,"minecraft:mossy_cobblestone":4,"minecraft:deepslate_diamond_ore":25,"biomesoplenty:desert_grass":4,"minecraft:spruce_fence":2,"biomesoplenty:mahogany_sapling":2,"biomesoplenty:dead_grass":5,"minecraft:large_fern":2,"minecraft:redstone_ore":1,"minecraft:furnace":3,"supplementaries:bamboo_spikes":1,"supplementaries:flax":10,"minecraft:andesite":63,"treechop:chopped_log":21,"minecraft:big_dripleaf_stem":3,"minecraft:mossy_stone_brick_stairs":2,"minecraft:bookshelf":4,"minecraft:deepslate_iron_ore":2,"minecraft:vine":57,"crittersandcompanions:silk_cocoon":2,"biomesoplenty:spider_egg":1,"minecraft:stone":840,"minecraft:podzol":1,"minecraft:redstone_block":2,"biomesoplenty:orange_sand":2,"minecraft:oak_fence":1,"minecraft:crafting_table":10,"biomesoplenty:mahogany_planks":3,"chipped:carpenters_table":1,"biomesoplenty:dead_stairs":7,"minecraft:copper_ore":58,"minecraft:tall_grass":2,"minecraft:deepslate_gold_ore":4,"minecraft:lapis_ore":6,"minecraft:diorite":16,"supplementaries:urn":41,"biomesoplenty:dead_slab":6,"biomesoplenty:mahogany_log":9,"minecraft:coal_ore":22,"biomesoplenty:mahogany_stairs":4,"minecraft:cocoa":5,"minecraft:gravel":25,"minecraft:cobweb":19,"minecraft:cracked_stone_bricks":1,"minecraft:stone_bricks":25,"minecraft:mossy_stone_bricks":2,"minecraft:fern":293,"chipped:acacia_torch":4},"minecraft:broken":{"minecraft:iron_boots":1,"minecraft:iron_chestplate":1,"minecraft:iron_leggings":1,"minecraft:stone_pickaxe":19,"minecraft:stone_axe":1,"minecraft:iron_sword":1,"minecraft:wooden_axe":1,"quark:forgotten_hat":1,"minecraft:shield":1},"minecraft:killed_by":{"minecraft:player":1},"minecraft:picked_up":{"minecraft:iron_chestplate":4,"minecraft:wheat":45,"minecraft:redstone_block":1,"minecraft:chainmail_boots":1,"illagerinvasion:platinum_chunk":2,"quark:orange_corundum":2,"minecraft:lead":4,"alexscaves:cave_tablet":2,"minecraft:brown_bed":1,"minecraft:enchanted_book":8,"minecraft:stone_brick_stairs":1,"tombstone:grave_key":2,"minecraft:brewing_stand":1,"crittersandcompanions:grappling_hook":3,"minecraft:amethyst_block":11,"minecraft:string":33,"minecraft:raw_copper":196,"minecraft:cooked_salmon":7,"blue_skies:solnut":3,"minecraft:iron_leggings":6,"minecraft:zombie_head":3,"alexsmobs:banana":1,"minecraft:gold_nugget":7,"illagerinvasion:platinum_infused_hatchet":1,"biomesoplenty:dead_sapling":4,"alexsmobs:emu_feather":1,"regions_unexplored:bamboo_sapling":1,"supplementaries:hourglass":5,"minecraft:cobbled_deepslate":566,"mcwbridges:bridge_torch":8,"minecraft:calcite":4,"minecraft:iron_pickaxe":2,"delightful:green_tea_leaf":7,"minecraft:melon_slice":120,"biomesoplenty:dead_slab":12,"wstweaks:fragment":8,"minecraft:iron_boots":4,"minecraft:furnace":4,"minecraft:tipped_arrow":4,"minecraft:stick":48,"minecraft:jungle_door":3,"minecraft:big_dripleaf":10,"minecraft:oak_fence":1,"minecraft:torch":58,"minecraft:acacia_log":10,"ecologics:coconut_seedling":4,"tombstone:book_of_oblivion":1,"quark:yellow_corundum_cluster":1,"minecraft:porkchop":3,"minecraft:pointed_dripstone":19,"tombstone:grave_dust":16,"minecraft:diorite":13,"biomesoplenty:mahogany_fence":5,"supplementaries:flax":1,"tombstone:lollipop":3,"minecraft:quartz_block":3,"minecraft:stone_sword":4,"minecraft:rotten_flesh":44,"biomesoplenty:mahogany_sapling":51,"supplementaries:antique_ink":4,"ecologics:coconut_log":5,"supplementaries:ash":94,"minecraft:iron_bars":8,"minecraft:cod":1,"minecraft:cobblestone":819,"chipped:warped_torch":1,"minecraft:iron_door":3,"biomesoplenty:dried_salt":2000,"minecraft:andesite":62,"minecraft:jungle_log":26,"biomesoplenty:glowshroom":7,"minecraft:potato":3,"biomesoplenty:dead_log":111,"paraglider:spirit_orb":38,"minecraft:tuff":56,"biomesoplenty:mahogany_boat":8,"supplementaries:flax_seeds":22,"chipped:crimson_torch":1,"minecraft:lapis_lazuli":52,"minecraft:dirt":122,"minecraft:name_tag":1,"minecraft:bone":95,"minecraft:wheat_seeds":171,"stalwart_dungeons:iron_hammer":1,"minecraft:raw_gold":10,"minecraft:mossy_stone_bricks":2,"minecraft:bamboo":2,"galosphere:raw_silver":12,"biomesoplenty:mahogany_planks":145,"minecraft:stone_hoe":1,"minecraft:mossy_stone_brick_stairs":2,"regions_unexplored:bamboo_log":11,"minecraft:sand":1,"minecraft:cyan_bed":1,"minecraft:mossy_cobblestone":1,"galosphere:silver_nugget":2,"minecraft:jungle_leaves":1,"minecraft:bundle":1,"chipped:carpenters_table":1,"supplementaries:bamboo_spikes":1,"minecraft:deepslate":1,"minecraft:diamond":70,"minecraft:granite":117,"minecraft:bone_meal":1,"biomesoplenty:dead_fence":5,"minecraft:bread":5,"minecraft:emerald":18,"alexsmobs:maggot":1,"minecraft:oak_sapling":2,"iceandfire:raw_silver":7,"minecraft:diamond_pickaxe":1,"more_bows_and_arrows:amethyst_bow":2,"minecraft:charcoal":29,"minecraft:cocoa_beans":15,"minecraft:crafting_table":11,"iceandfire:witherbone":1,"minecraft:leather_leggings":1,"minecraft:brown_mushroom":2,"minecraft:shield":2,"dungeonnowloading:spawner_fragment":90,"graveyard:corruption":3,"aether_redux:zanberry_bush_stem":1,"minecraft:cracked_stone_bricks":3,"biomesoplenty:black_sand":1,"minecraft:candle":1,"minecraft:jungle_sapling":4,"minecraft:iron_nugget":4,"minecraft:sugar_cane":2,"farmersdelight:golden_knife":2,"crittersandcompanions:clam":2,"minecraft:piston":1,"quark:orange_corundum_cluster":2,"minecraft:egg":4,"minecraft:raw_iron":92,"ecologics:coconut_slice":12,"sophisticatedbackpacks:crafting_upgrade":2,"minecraft:note_block":1,"minecraft:spruce_fence":1,"blue_skies:winter_leaves":12,"minecraft:carrot":3,"minecraft:redstone":104,"minecraft:stone_pressure_plate":4,"travelersbackpack:snow":2,"minecraft:arrow":30,"chipped:secret_jungle_door":2,"regions_unexplored:maple_sapling":1,"minecraft:shears":1,"minecraft:diamond_boots":2,"crittersandcompanions:silk":8,"alexscaves:spelunkery_table":2,"biomesoplenty:mahogany_stairs":12,"sophisticatedbackpacks:copper_backpack":3,"minecraft:glow_berries":5,"minecraft:mutton":10,"biomesoplenty:orange_sand":6,"minecraft:white_wool":3,"iceandfire:silver_axe":1,"minecraft:glow_ink_sac":2,"minecraft:salmon":14,"minecraft:leather":11,"alexsmobs:acacia_blossom":1,"biomesoplenty:dead_stairs":7,"minecraft:lily_pad":3,"iceandfire:ectoplasm":5,"minecraft:gunpowder":2,"minecraft:cobblestone_stairs":1,"minecraft:paper":2,"tombstone:gift":1,"minecraft:white_banner":1,"biomesoplenty:glowing_moss_carpet":1,"quark:forgotten_hat":1,"biomesoplenty:mahogany_slab":5,"minecraft:apple":2,"minecraft:stone_bricks":23,"minecraft:iron_ingot":16,"minecraft:stone_pickaxe":5,"minecraft:cobweb":22,"tombstone:bag_of_seeds":2,"minecraft:iron_sword":2,"minecraft:acacia_sapling":4,"minecraft:book":12,"blue_skies:winter_leaf_seeds":18,"minecraft:smooth_basalt":2,"minecraft:pitcher_plant":1,"minecraft:pumpkin":2,"minecraft:torchflower_seeds":1,"minecraft:gravel":25,"minecraft:amethyst_shard":24,"artifacts:scarf_of_invisibility":1,"minecraft:spider_eye":10,"alexsmobs:raw_catfish":1,"biomesoplenty:mahogany_log":288,"iceandfire:silver_pickaxe":1,"minecraft:stone_axe":2,"minecraft:chainmail_leggings":1,"minecraft:iron_helmet":4,"chipped:dark_oak_torch":61,"minecraft:gray_wool":2,"minecraft:mossy_cobblestone_stairs":1,"tombstone:magic_scroll":1,"minecraft:baked_potato":3,"chipped:acacia_torch":4,"minecraft:coal":51}},"DataVersion":3465}