{"stats":{"minecraft:broken":{"minecraft:stone_pickaxe":19,"minecraft:stone_axe":1,"minecraft:wooden_axe":1},"minecraft:custom":{"lootr:looted_stat":6,"minecraft:mob_kills":35,"minecraft:interact_with_crafting_table":64,"minecraft:damage_dealt_resisted":29,"minecraft:leave_game":5,"minecraft:time_since_death":62241,"minecraft:climb_one_cm":1506,"minecraft:sprint_one_cm":231088,"minecraft:walk_one_cm":864878,"minecraft:damage_blocked_by_shield":640,"minecraft:drop":45,"tombstone:eaten_lollipop":2,"minecraft:play_time":253422,"minecraft:deaths":6,"minecraft:sneak_time":1418,"minecraft:walk_under_water_one_cm":31761,"minecraft:boat_one_cm":15372,"minecraft:jump":1667,"minecraft:walk_on_water_one_cm":50791,"minecraft:total_world_time":253422,"minecraft:interact_with_furnace":45,"minecraft:sleep_in_bed":2,"minecraft:time_since_rest":50887,"minecraft:damage_taken":3114,"minecraft:damage_dealt":5239,"minecraft:swim_one_cm":71615,"minecraft:fly_one_cm":255329,"minecraft:open_chest":36,"minecraft:crouch_one_cm":3023,"tombstone:undead_killed":6,"minecraft:fall_one_cm":29836},"minecraft:picked_up":{"minecraft:iron_chestplate":1,"minecraft:cocoa_beans":15,"minecraft:charcoal":9,"minecraft:crafting_table":6,"minecraft:wheat":18,"minecraft:enchanted_book":1,"tombstone:grave_key":2,"minecraft:shield":1,"minecraft:string":2,"minecraft:raw_copper":164,"minecraft:cooked_salmon":6,"minecraft:iron_leggings":1,"graveyard:corruption":3,"supplementaries:hourglass":5,"regions_unexplored:bamboo_sapling":1,"alexsmobs:banana":1,"mcwbridges:bridge_torch":8,"minecraft:jungle_sapling":3,"minecraft:iron_pickaxe":1,"minecraft:sugar_cane":2,"minecraft:melon_slice":47,"delightful:green_tea_leaf":5,"crittersandcompanions:clam":1,"minecraft:iron_boots":1,"minecraft:furnace":3,"minecraft:stick":33,"minecraft:raw_iron":66,"minecraft:jungle_door":1,"ecologics:coconut_slice":12,"minecraft:big_dripleaf":8,"minecraft:torch":14,"minecraft:acacia_log":10,"ecologics:coconut_seedling":4,"minecraft:porkchop":3,"tombstone:lollipop":2,"minecraft:stone_sword":1,"minecraft:arrow":6,"minecraft:rotten_flesh":7,"biomesoplenty:mahogany_sapling":41,"ecologics:coconut_log":5,"biomesoplenty:mahogany_stairs":12,"supplementaries:ash":7,"minecraft:mutton":10,"biomesoplenty:orange_sand":4,"minecraft:white_wool":3,"minecraft:cobblestone":437,"iceandfire:silver_axe":1,"minecraft:jungle_log":17,"biomesoplenty:dried_salt":1878,"minecraft:salmon":8,"alexsmobs:acacia_blossom":1,"biomesoplenty:mahogany_boat":3,"supplementaries:flax_seeds":3,"minecraft:gunpowder":1,"chipped:crimson_torch":1,"tombstone:gift":1,"minecraft:dirt":94,"biomesoplenty:mahogany_slab":5,"minecraft:bone":2,"minecraft:stone_bricks":23,"minecraft:wheat_seeds":88,"minecraft:stone_pickaxe":4,"minecraft:mossy_stone_bricks":1,"minecraft:bamboo":2,"galosphere:raw_silver":12,"minecraft:iron_sword":1,"minecraft:acacia_sapling":4,"biomesoplenty:mahogany_planks":62,"regions_unexplored:bamboo_log":11,"minecraft:pumpkin":2,"minecraft:sand":1,"artifacts:scarf_of_invisibility":1,"minecraft:spider_eye":2,"minecraft:jungle_leaves":1,"biomesoplenty:mahogany_log":249,"iceandfire:silver_pickaxe":1,"chipped:carpenters_table":1,"minecraft:iron_helmet":1,"minecraft:granite":15,"chipped:dark_oak_torch":1,"minecraft:gray_wool":2,"minecraft:bread":5,"chipped:acacia_torch":4,"minecraft:coal":26,"iceandfire:raw_silver":5},"minecraft:mined":{"iceandfire:silver_ore":4,"minecraft:jungle_leaves":2,"biomesoplenty:desert_grass":4,"minecraft:granite":15,"minecraft:grass_block":26,"biomesoplenty:dried_salt":2156,"biomesoplenty:mahogany_sapling":2,"biomesoplenty:dead_grass":5,"minecraft:large_fern":2,"minecraft:furnace":2,"minecraft:iron_ore":16,"minecraft:andesite":1,"minecraft:pumpkin":2,"treechop:chopped_log":15,"minecraft:big_dripleaf_stem":3,"mcwbridges:bridge_torch":7,"supplementaries:stick":2,"minecraft:vine":10,"minecraft:stone":555,"biomesoplenty:spider_egg":1,"minecraft:jungle_door":1,"chipped:dark_oak_wall_torch":1,"biomesoplenty:orange_sand":2,"minecraft:crafting_table":8,"minecraft:torch":5,"minecraft:melon":10,"biomesoplenty:mahogany_planks":3,"chipped:carpenters_table":1,"galosphere:silver_ore":12,"minecraft:tall_grass":1,"minecraft:copper_ore":48,"biomesoplenty:mahogany_slab":1,"minecraft:sugar_cane":1,"minecraft:wall_torch":7,"supplementaries:urn":4,"minecraft:seagrass":1,"supplementaries:hourglass":5,"biomesoplenty:mahogany_log":9,"minecraft:wheat":18,"chipped:crimson_torch":1,"minecraft:grass":42,"biomesoplenty:mahogany_stairs":4,"minecraft:coal_ore":22,"minecraft:cocoa":5,"minecraft:sand":1,"minecraft:dirt":70,"minecraft:stone_bricks":25,"minecraft:mossy_stone_bricks":1,"chipped:acacia_torch":4,"minecraft:fern":287},"minecraft:dropped":{"minecraft:bread":5,"minecraft:iron_sword":1,"minecraft:wheat_seeds":26,"minecraft:crafting_table":1,"minecraft:cobblestone":69,"minecraft:stick":7,"minecraft:dirt":2,"tombstone:grave_key":5,"minecraft:cooked_salmon":6,"minecraft:jungle_sapling":3,"minecraft:iron_pickaxe":1,"alexsmobs:acacia_blossom":1,"minecraft:stone_sword":1,"biomesoplenty:mahogany_stairs":16,"minecraft:rotten_flesh":1,"mcwbridges:bridge_torch":2,"minecraft:acacia_sapling":4,"minecraft:spider_eye":1,"minecraft:arrow":4,"minecraft:stone_pickaxe":4,"biomesoplenty:mahogany_sapling":23,"iceandfire:silver_pickaxe":1,"galosphere:silver_ingot":4},"minecraft:killed":{"graveyard:nightmare":2,"minecraft:spider":6,"crittersandcompanions:dragonfly":1,"creeperoverhaul:bamboo_creeper":1,"minecraft:skeleton":2,"ecologics:coconut_crab":1,"minecraft:drowned":1,"minecraft:pig":2,"minecraft:salmon":7,"alexsmobs:seal":1,"minecraft:creeper":1,"minecraft:sheep":7,"minecraft:zombie":3},"minecraft:crafted":{"minecraft:cobblestone_slab":6,"minecraft:stone_shovel":1,"ecologics:coconut_planks":20,"biomesoplenty:mahogany_planks":624,"quark:jungle_chest":6,"minecraft:furnace":2,"biomesoplenty:mahogany_slab":746,"minecraft:cooked_mutton":7,"minecraft:stone_pickaxe":49,"biomesoplenty:mahogany_stairs":28,"galosphere:silver_ingot":6,"minecraft:stone_hoe":1,"minecraft:wooden_shovel":1,"iceandfire:silver_ingot":3,"minecraft:crafting_table":3,"minecraft:wooden_pickaxe":2,"minecraft:cooked_salmon":8,"dungeonnowloading:cobblestone_pebble":9,"mcwbridges:bridge_torch":2,"chipped:carpenters_table":1,"minecraft:stone_axe":3,"minecraft:bread":2,"minecraft:jungle_planks":68,"minecraft:jungle_door":3,"minecraft:charcoal":14,"minecraft:stick":176,"minecraft:iron_ingot":6,"minecraft:stone_sword":1,"minecraft:wooden_axe":2,"minecraft:torch":60,"iceandfire:silver_pickaxe":1},"minecraft:used":{"biomesoplenty:mahogany_planks":97,"supplementaries:hourglass":6,"minecraft:iron_shovel":20,"minecraft:stone_shovel":80,"biomesoplenty:mahogany_slab":530,"quark:jungle_chest":6,"minecraft:shield":8,"minecraft:iron_sword":22,"tombstone:lollipop":2,"minecraft:wooden_shovel":16,"minecraft:cooked_salmon":6,"minecraft:stone_hoe":14,"minecraft:rotten_flesh":18,"minecraft:iron_chestplate":1,"minecraft:stick":2,"minecraft:torch":40,"chipped:acacia_torch":4,"minecraft:dirt":23,"minecraft:cocoa_beans":15,"minecraft:golden_shovel":1,"minecraft:granite":5,"minecraft:big_dripleaf":4,"biomesoplenty:mahogany_stairs":24,"minecraft:wooden_axe":32,"biomesoplenty:orange_sand":8,"minecraft:iron_helmet":1,"biomesoplenty:mahogany_sapling":2,"delightful:green_tea_leaf":1,"minecraft:furnace":5,"alexsmobs:banana":1,"tombstone:gift":3,"minecraft:iron_leggings":1,"minecraft:wheat_seeds":32,"minecraft:cooked_mutton":7,"minecraft:mossy_stone_bricks":1,"chipped:crimson_torch":1,"minecraft:stone_pickaxe":2669,"minecraft:wooden_pickaxe":59,"chipped:dark_oak_torch":3,"biomesoplenty:mahogany_log":27,"minecraft:crafting_table":6,"iceandfire:silver_axe":56,"iceandfire:silver_pickaxe":132,"mcwbridges:bridge_torch":8,"minecraft:bread":2,"minecraft:melon_slice":2,"minecraft:iron_pickaxe":4,"supplementaries:clock_block":1,"biomesoplenty:mahogany_boat":3,"minecraft:stone_axe":188,"ecologics:coconut_slice":10,"biomesoplenty:dried_salt":2,"minecraft:cobblestone":10,"minecraft:jungle_door":3,"chipped:carpenters_table":1}},"DataVersion":3465}