{"stats":{"minecraft:broken":{"minecraft:stone_pickaxe":19,"minecraft:stone_axe":1,"minecraft:wooden_axe":1,"minecraft:shield":1},"minecraft:custom":{"lootr:looted_stat":9,"minecraft:interact_with_crafting_table":79,"minecraft:open_barrel":1,"minecraft:eat_cake_slice":7,"minecraft:leave_game":9,"minecraft:time_since_death":572,"minecraft:sprint_one_cm":350732,"minecraft:damage_blocked_by_shield":2845,"minecraft:drop":70,"tombstone:eaten_lollipop":3,"minecraft:play_time":374232,"minecraft:deaths":15,"minecraft:jump":2877,"minecraft:walk_on_water_one_cm":65507,"minecraft:interact_with_furnace":47,"minecraft:sleep_in_bed":2,"minecraft:damage_dealt":13105,"minecraft:crouch_one_cm":3834,"tombstone:undead_killed":26,"tombstone:villager_killed":1,"minecraft:mob_kills":67,"minecraft:interact_with_anvil":1,"minecraft:damage_dealt_resisted":179,"minecraft:climb_one_cm":2860,"minecraft:walk_one_cm":1304099,"minecraft:damage_dealt_absorbed":195,"minecraft:sneak_time":1970,"minecraft:walk_under_water_one_cm":42099,"minecraft:boat_one_cm":15372,"minecraft:total_world_time":374232,"minecraft:time_since_rest":342,"minecraft:damage_taken":6974,"minecraft:swim_one_cm":74598,"minecraft:fly_one_cm":357061,"minecraft:open_chest":72,"minecraft:fall_one_cm":49357},"minecraft:picked_up":{"minecraft:iron_chestplate":2,"minecraft:wheat":18,"quark:orange_corundum":2,"minecraft:lead":4,"minecraft:brown_bed":1,"minecraft:enchanted_book":4,"tombstone:grave_key":2,"minecraft:amethyst_block":11,"minecraft:string":4,"minecraft:raw_copper":164,"minecraft:cooked_salmon":7,"minecraft:iron_leggings":2,"minecraft:zombie_head":3,"minecraft:cobbled_deepslate":68,"supplementaries:hourglass":5,"alexsmobs:emu_feather":1,"minecraft:gold_nugget":7,"regions_unexplored:bamboo_sapling":1,"alexsmobs:banana":1,"mcwbridges:bridge_torch":8,"minecraft:calcite":4,"minecraft:iron_pickaxe":2,"minecraft:melon_slice":71,"delightful:green_tea_leaf":5,"minecraft:iron_boots":2,"minecraft:furnace":4,"minecraft:stick":41,"minecraft:jungle_door":3,"minecraft:big_dripleaf":8,"minecraft:oak_fence":1,"minecraft:torch":31,"minecraft:acacia_log":10,"ecologics:coconut_seedling":4,"quark:yellow_corundum_cluster":1,"minecraft:porkchop":3,"tombstone:grave_dust":10,"biomesoplenty:mahogany_fence":5,"tombstone:lollipop":3,"minecraft:stone_sword":2,"minecraft:rotten_flesh":25,"biomesoplenty:mahogany_sapling":49,"ecologics:coconut_log":5,"supplementaries:antique_ink":4,"supplementaries:ash":76,"minecraft:cobblestone":515,"biomesoplenty:dried_salt":1878,"minecraft:jungle_log":17,"biomesoplenty:glowshroom":7,"minecraft:tuff":3,"biomesoplenty:mahogany_boat":3,"supplementaries:flax_seeds":3,"minecraft:lapis_lazuli":19,"minecraft:dirt":98,"chipped:crimson_torch":1,"minecraft:name_tag":1,"minecraft:bone":50,"minecraft:wheat_seeds":98,"minecraft:raw_gold":6,"minecraft:mossy_stone_bricks":1,"minecraft:bamboo":2,"galosphere:raw_silver":12,"minecraft:stone_hoe":1,"biomesoplenty:mahogany_planks":145,"regions_unexplored:bamboo_log":11,"minecraft:sand":1,"minecraft:jungle_leaves":1,"minecraft:bundle":1,"chipped:carpenters_table":1,"minecraft:deepslate":1,"minecraft:diamond":27,"minecraft:granite":15,"minecraft:bone_meal":1,"minecraft:bread":5,"minecraft:emerald":13,"alexsmobs:maggot":1,"iceandfire:raw_silver":5,"minecraft:cocoa_beans":15,"minecraft:charcoal":29,"minecraft:crafting_table":10,"minecraft:leather_leggings":1,"minecraft:shield":2,"graveyard:corruption":3,"minecraft:candle":1,"minecraft:jungle_sapling":3,"minecraft:iron_nugget":4,"minecraft:sugar_cane":2,"farmersdelight:golden_knife":2,"crittersandcompanions:clam":2,"quark:orange_corundum_cluster":2,"minecraft:raw_iron":68,"ecologics:coconut_slice":12,"sophisticatedbackpacks:crafting_upgrade":2,"minecraft:redstone":68,"travelersbackpack:snow":2,"chipped:secret_jungle_door":2,"minecraft:arrow":18,"minecraft:shears":1,"crittersandcompanions:silk":8,"alexscaves:spelunkery_table":1,"biomesoplenty:mahogany_stairs":12,"sophisticatedbackpacks:copper_backpack":2,"minecraft:mutton":10,"minecraft:white_wool":3,"biomesoplenty:orange_sand":6,"iceandfire:silver_axe":1,"minecraft:glow_ink_sac":2,"minecraft:salmon":12,"minecraft:leather":7,"alexsmobs:acacia_blossom":1,"minecraft:gunpowder":2,"tombstone:gift":1,"quark:forgotten_hat":1,"biomesoplenty:glowing_moss_carpet":1,"biomesoplenty:mahogany_slab":5,"minecraft:apple":2,"minecraft:stone_bricks":23,"minecraft:iron_ingot":13,"minecraft:stone_pickaxe":5,"minecraft:cobweb":22,"minecraft:acacia_sapling":4,"minecraft:iron_sword":2,"minecraft:book":12,"minecraft:smooth_basalt":2,"minecraft:pumpkin":2,"minecraft:pitcher_plant":1,"minecraft:amethyst_shard":24,"artifacts:scarf_of_invisibility":1,"minecraft:spider_eye":7,"biomesoplenty:mahogany_log":269,"iceandfire:silver_pickaxe":1,"minecraft:stone_axe":1,"minecraft:iron_helmet":2,"minecraft:gray_wool":2,"chipped:dark_oak_torch":61,"minecraft:baked_potato":3,"chipped:acacia_torch":4,"minecraft:coal":48},"minecraft:dropped":{"minecraft:iron_sword":1,"minecraft:crafting_table":3,"travelersbackpack:snow":1,"minecraft:dirt":19,"minecraft:jungle_sapling":3,"minecraft:bone_meal":1,"minecraft:iron_pickaxe":1,"minecraft:iron_nugget":4,"minecraft:cobbled_deepslate":31,"biomesoplenty:mahogany_stairs":16,"minecraft:rotten_flesh":1,"mcwbridges:bridge_torch":2,"minecraft:acacia_sapling":4,"minecraft:leather_leggings":1,"minecraft:arrow":16,"biomesoplenty:mahogany_sapling":31,"iceandfire:silver_pickaxe":1,"minecraft:bread":5,"minecraft:enchanted_book":1,"minecraft:wheat_seeds":37,"minecraft:oak_fence":1,"minecraft:cobblestone":81,"minecraft:book":12,"alexscaves:spelunkery_table":1,"chipped:dark_oak_torch":59,"biomesoplenty:mahogany_fence":2,"minecraft:stick":7,"tombstone:grave_key":5,"minecraft:cooked_salmon":6,"sophisticatedbackpacks:crafting_upgrade":2,"minecraft:paper":6,"minecraft:string":6,"alexsmobs:acacia_blossom":1,"minecraft:stone_sword":1,"minecraft:spider_eye":4,"minecraft:stone_pickaxe":4,"galosphere:silver_ingot":4},"minecraft:mined":{"minecraft:large_amethyst_bud":2,"biomesoplenty:glowshroom":7,"minecraft:jungle_leaves":2,"minecraft:granite":15,"minecraft:grass_block":26,"biomesoplenty:dried_salt":2156,"chipped:secret_jungle_door":2,"minecraft:iron_ore":16,"minecraft:pumpkin":2,"minecraft:deepslate_lapis_ore":2,"mcwbridges:bridge_torch":7,"supplementaries:stick":2,"biomesoplenty:glowshroom_block":1,"sophisticatedbackpacks:copper_backpack":1,"minecraft:deepslate_redstone_ore":15,"minecraft:jungle_door":3,"chipped:dark_oak_wall_torch":1,"minecraft:amethyst_cluster":7,"minecraft:torch":5,"minecraft:calcite":4,"minecraft:melon":13,"galosphere:silver_ore":12,"minecraft:mushroom_stem":5,"minecraft:cobblestone":10,"biomesoplenty:mahogany_slab":1,"minecraft:sugar_cane":1,"minecraft:wall_torch":8,"minecraft:amethyst_block":11,"minecraft:seagrass":1,"supplementaries:hourglass":5,"minecraft:wheat":18,"chipped:crimson_torch":1,"minecraft:pitcher_plant":1,"minecraft:grass":43,"minecraft:sand":1,"minecraft:dirt":70,"minecraft:smooth_basalt":2,"minecraft:deepslate":66,"alexscaves:spelunkery_table":1,"minecraft:tuff":3,"iceandfire:silver_ore":4,"minecraft:deepslate_diamond_ore":25,"biomesoplenty:desert_grass":4,"biomesoplenty:mahogany_sapling":2,"biomesoplenty:dead_grass":5,"minecraft:large_fern":2,"minecraft:furnace":3,"minecraft:andesite":1,"treechop:chopped_log":15,"minecraft:big_dripleaf_stem":3,"minecraft:bookshelf":2,"minecraft:vine":10,"crittersandcompanions:silk_cocoon":2,"biomesoplenty:spider_egg":1,"minecraft:stone":562,"biomesoplenty:orange_sand":2,"minecraft:oak_fence":1,"minecraft:crafting_table":9,"biomesoplenty:mahogany_planks":3,"chipped:carpenters_table":1,"minecraft:copper_ore":48,"minecraft:tall_grass":1,"minecraft:lapis_ore":1,"supplementaries:urn":35,"biomesoplenty:mahogany_log":9,"minecraft:coal_ore":22,"biomesoplenty:mahogany_stairs":4,"minecraft:cocoa":5,"minecraft:stone_bricks":25,"minecraft:mossy_stone_bricks":1,"minecraft:fern":288,"chipped:acacia_torch":4},"minecraft:killed_by":{"minecraft:player":1},"minecraft:killed":{"minecraft:cave_spider":1,"minecraft:spider":6,"creeperoverhaul:bamboo_creeper":1,"quark:forgotten":1,"minecraft:skeleton":6,"ecologics:coconut_crab":1,"minecraft:pig":2,"minecraft:salmon":11,"alexsmobs:seal":1,"minecraft:creeper":1,"minecraft:sheep":7,"minecraft:trader_llama":2,"tinyskeletons:baby_skeleton":2,"minecraft:zombie":16,"minecraft:glow_squid":1,"graveyard:nightmare":2,"quark:toretoise":1,"crittersandcompanions:dragonfly":1,"minecraft:drowned":1,"minecraft:wandering_trader":1,"endermanoverhaul:cave_enderman":1},"minecraft:crafted":{"minecraft:cobblestone_slab":6,"ironfurnaces:iron_furnace":1,"biomesoplenty:mahogany_slab":746,"sophisticatedbackpacks:crafting_upgrade":1,"minecraft:cooked_mutton":7,"galosphere:silver_ingot":6,"minecraft:stone_hoe":1,"minecraft:wooden_shovel":1,"minecraft:crafting_table":3,"minecraft:wooden_pickaxe":2,"chipped:carpenters_table":1,"minecraft:charcoal":14,"minecraft:stick":176,"minecraft:iron_ingot":27,"minecraft:stone_sword":1,"minecraft:stone_shovel":1,"ecologics:coconut_planks":20,"biomesoplenty:mahogany_planks":704,"quark:jungle_chest":6,"minecraft:furnace":2,"minecraft:stone_pickaxe":49,"biomesoplenty:mahogany_stairs":28,"iceandfire:silver_ingot":3,"dungeonnowloading:cobblestone_pebble":9,"minecraft:cooked_salmon":8,"mcwbridges:bridge_torch":2,"minecraft:bucket":1,"minecraft:stone_axe":3,"minecraft:bread":6,"minecraft:jungle_planks":68,"minecraft:jungle_door":3,"minecraft:wooden_axe":2,"minecraft:torch":60,"iceandfire:silver_pickaxe":1},"minecraft:used":{"alexsmobs:emu_egg":1,"supplementaries:hourglass":6,"minecraft:iron_shovel":20,"sophisticatedbackpacks:copper_backpack":1,"biomesoplenty:mahogany_slab":530,"minecraft:shield":48,"minecraft:iron_sword":186,"tombstone:lollipop":3,"minecraft:rotten_flesh":35,"minecraft:iron_chestplate":2,"minecraft:cocoa_beans":15,"minecraft:big_dripleaf":4,"minecraft:iron_helmet":2,"biomesoplenty:mahogany_sapling":2,"delightful:green_tea_leaf":1,"ironfurnaces:iron_furnace":1,"minecraft:furnace":5,"minecraft:mossy_stone_bricks":1,"minecraft:stone_pickaxe":2669,"minecraft:wooden_pickaxe":59,"iceandfire:silver_axe":56,"iceandfire:silver_pickaxe":132,"minecraft:melon_slice":26,"minecraft:bread":4,"supplementaries:clock_block":1,"tombstone:grave_key":4,"biomesoplenty:glowing_moss_carpet":1,"biomesoplenty:dried_salt":2,"ecologics:coconut_slice":10,"chipped:carpenters_table":2,"biomesoplenty:mahogany_planks":108,"minecraft:stone_shovel":80,"quark:jungle_chest":6,"minecraft:wooden_shovel":16,"minecraft:cooked_salmon":8,"minecraft:stone_hoe":14,"minecraft:stick":2,"minecraft:torch":56,"minecraft:dirt":23,"chipped:acacia_torch":4,"chipped:secret_jungle_door":2,"minecraft:golden_shovel":1,"minecraft:granite":5,"biomesoplenty:mahogany_stairs":24,"minecraft:wooden_axe":32,"minecraft:iron_axe":13,"biomesoplenty:orange_sand":9,"minecraft:iron_boots":1,"travelersbackpack:snow":1,"quark:orange_corundum":2,"alexsmobs:banana":2,"tombstone:gift":4,"minecraft:cobbled_deepslate":2,"minecraft:iron_leggings":2,"minecraft:wheat_seeds":32,"minecraft:cooked_mutton":7,"chipped:crimson_torch":1,"minecraft:baked_potato":3,"farmersdelight:golden_knife":1,"chipped:dark_oak_torch":4,"biomesoplenty:mahogany_log":27,"biomesoplenty:mahogany_fence":1,"minecraft:crafting_table":6,"minecraft:diamond_pickaxe":31,"minecraft:apple":2,"mcwbridges:bridge_torch":8,"minecraft:iron_pickaxe":131,"chipped:overgrown_jungle_door":2,"biomesoplenty:mahogany_boat":3,"minecraft:stone_axe":206,"minecraft:cobblestone":53,"minecraft:jungle_door":3,"minecraft:bucket":1}},"DataVersion":3465}