{"stats":{"minecraft:broken":{"minecraft:stone_pickaxe":19,"minecraft:stone_axe":1,"minecraft:wooden_axe":1},"minecraft:custom":{"lootr:looted_stat":6,"minecraft:interact_with_anvil":1,"minecraft:mob_kills":44,"minecraft:interact_with_crafting_table":77,"minecraft:damage_dealt_resisted":49,"minecraft:leave_game":6,"minecraft:time_since_death":16972,"minecraft:climb_one_cm":1506,"minecraft:sprint_one_cm":275312,"minecraft:walk_one_cm":1041040,"minecraft:damage_blocked_by_shield":1205,"minecraft:drop":50,"tombstone:eaten_lollipop":2,"minecraft:damage_dealt_absorbed":48,"minecraft:sneak_time":1929,"minecraft:play_time":318511,"minecraft:deaths":9,"minecraft:walk_under_water_one_cm":40870,"minecraft:boat_one_cm":15372,"minecraft:jump":2037,"minecraft:walk_on_water_one_cm":55446,"minecraft:total_world_time":318511,"minecraft:interact_with_furnace":47,"minecraft:sleep_in_bed":2,"minecraft:time_since_rest":16751,"minecraft:damage_taken":4967,"minecraft:damage_dealt":6866,"minecraft:swim_one_cm":74598,"minecraft:fly_one_cm":289301,"minecraft:open_chest":70,"minecraft:crouch_one_cm":3789,"tombstone:undead_killed":8,"tombstone:villager_killed":1,"minecraft:fall_one_cm":37315},"minecraft:picked_up":{"minecraft:cocoa_beans":15,"minecraft:charcoal":29,"minecraft:crafting_table":10,"minecraft:iron_chestplate":2,"minecraft:wheat":18,"minecraft:lead":4,"minecraft:enchanted_book":1,"tombstone:grave_key":2,"minecraft:shield":2,"minecraft:string":4,"minecraft:raw_copper":164,"minecraft:cooked_salmon":7,"minecraft:iron_leggings":2,"graveyard:corruption":3,"alexsmobs:emu_feather":1,"regions_unexplored:bamboo_sapling":1,"supplementaries:hourglass":5,"alexsmobs:banana":1,"mcwbridges:bridge_torch":8,"minecraft:iron_nugget":4,"minecraft:jungle_sapling":3,"minecraft:iron_pickaxe":2,"delightful:green_tea_leaf":5,"minecraft:melon_slice":71,"minecraft:sugar_cane":2,"farmersdelight:golden_knife":2,"crittersandcompanions:clam":2,"minecraft:iron_boots":2,"minecraft:furnace":4,"minecraft:stick":41,"minecraft:raw_iron":66,"minecraft:jungle_door":3,"ecologics:coconut_slice":12,"sophisticatedbackpacks:crafting_upgrade":2,"minecraft:big_dripleaf":8,"ecologics:coconut_seedling":4,"minecraft:torch":28,"minecraft:acacia_log":10,"minecraft:porkchop":3,"biomesoplenty:mahogany_fence":5,"travelersbackpack:snow":2,"tombstone:lollipop":2,"minecraft:arrow":9,"minecraft:stone_sword":2,"chipped:secret_jungle_door":2,"minecraft:rotten_flesh":7,"biomesoplenty:mahogany_sapling":49,"minecraft:shears":1,"crittersandcompanions:silk":4,"ecologics:coconut_log":5,"biomesoplenty:mahogany_stairs":12,"sophisticatedbackpacks:copper_backpack":1,"supplementaries:ash":7,"minecraft:mutton":10,"minecraft:white_wool":3,"biomesoplenty:orange_sand":6,"minecraft:cobblestone":437,"iceandfire:silver_axe":1,"biomesoplenty:dried_salt":1878,"minecraft:jungle_log":17,"minecraft:salmon":12,"minecraft:leather":7,"alexsmobs:acacia_blossom":1,"biomesoplenty:mahogany_boat":3,"supplementaries:flax_seeds":3,"minecraft:gunpowder":1,"minecraft:dirt":94,"chipped:crimson_torch":1,"tombstone:gift":1,"biomesoplenty:mahogany_slab":5,"minecraft:name_tag":1,"minecraft:bone":3,"minecraft:stone_bricks":23,"minecraft:wheat_seeds":98,"minecraft:stone_pickaxe":5,"minecraft:cobweb":3,"minecraft:mossy_stone_bricks":1,"galosphere:raw_silver":12,"minecraft:bamboo":2,"minecraft:stone_hoe":1,"minecraft:iron_sword":2,"minecraft:acacia_sapling":4,"biomesoplenty:mahogany_planks":145,"regions_unexplored:bamboo_log":11,"minecraft:pumpkin":2,"minecraft:sand":1,"artifacts:scarf_of_invisibility":1,"minecraft:spider_eye":5,"minecraft:jungle_leaves":1,"iceandfire:silver_pickaxe":1,"biomesoplenty:mahogany_log":269,"chipped:carpenters_table":1,"minecraft:stone_axe":1,"minecraft:iron_helmet":2,"minecraft:granite":15,"minecraft:bone_meal":1,"chipped:dark_oak_torch":61,"minecraft:gray_wool":2,"minecraft:bread":5,"alexsmobs:maggot":1,"chipped:acacia_torch":4,"iceandfire:raw_silver":5,"minecraft:coal":29},"minecraft:mined":{"iceandfire:silver_ore":4,"biomesoplenty:desert_grass":4,"minecraft:jungle_leaves":2,"minecraft:granite":15,"minecraft:grass_block":26,"biomesoplenty:dried_salt":2156,"biomesoplenty:mahogany_sapling":2,"biomesoplenty:dead_grass":5,"minecraft:large_fern":2,"chipped:secret_jungle_door":2,"minecraft:furnace":3,"minecraft:iron_ore":16,"minecraft:andesite":1,"treechop:chopped_log":15,"minecraft:pumpkin":2,"minecraft:big_dripleaf_stem":3,"minecraft:vine":10,"supplementaries:stick":2,"mcwbridges:bridge_torch":7,"crittersandcompanions:silk_cocoon":1,"biomesoplenty:spider_egg":1,"minecraft:stone":555,"minecraft:jungle_door":3,"chipped:dark_oak_wall_torch":1,"biomesoplenty:orange_sand":2,"minecraft:crafting_table":9,"minecraft:torch":5,"minecraft:melon":13,"biomesoplenty:mahogany_planks":3,"chipped:carpenters_table":1,"galosphere:silver_ore":12,"minecraft:tall_grass":1,"minecraft:copper_ore":48,"minecraft:sugar_cane":1,"biomesoplenty:mahogany_slab":1,"minecraft:wall_torch":7,"supplementaries:urn":6,"minecraft:seagrass":1,"supplementaries:hourglass":5,"biomesoplenty:mahogany_log":9,"minecraft:wheat":18,"chipped:crimson_torch":1,"minecraft:grass":42,"biomesoplenty:mahogany_stairs":4,"minecraft:coal_ore":22,"minecraft:cocoa":5,"minecraft:sand":1,"minecraft:dirt":70,"minecraft:stone_bricks":25,"minecraft:mossy_stone_bricks":1,"minecraft:fern":288,"chipped:acacia_torch":4},"minecraft:dropped":{"minecraft:bread":5,"minecraft:iron_sword":1,"minecraft:wheat_seeds":26,"minecraft:crafting_table":3,"minecraft:cobblestone":69,"travelersbackpack:snow":1,"minecraft:stick":7,"minecraft:dirt":2,"tombstone:grave_key":5,"minecraft:cooked_salmon":6,"minecraft:jungle_sapling":3,"minecraft:iron_pickaxe":1,"sophisticatedbackpacks:crafting_upgrade":2,"alexsmobs:acacia_blossom":1,"minecraft:stone_sword":1,"biomesoplenty:mahogany_stairs":16,"minecraft:rotten_flesh":1,"mcwbridges:bridge_torch":2,"minecraft:acacia_sapling":4,"minecraft:spider_eye":1,"minecraft:arrow":4,"minecraft:stone_pickaxe":4,"biomesoplenty:mahogany_sapling":23,"iceandfire:silver_pickaxe":1,"galosphere:silver_ingot":4},"minecraft:killed":{"graveyard:nightmare":2,"minecraft:spider":6,"crittersandcompanions:dragonfly":1,"creeperoverhaul:bamboo_creeper":1,"minecraft:skeleton":3,"ecologics:coconut_crab":1,"minecraft:drowned":1,"minecraft:pig":2,"minecraft:salmon":11,"alexsmobs:seal":1,"minecraft:wandering_trader":1,"minecraft:creeper":1,"minecraft:sheep":7,"minecraft:trader_llama":2,"tinyskeletons:baby_skeleton":1,"minecraft:zombie":3},"minecraft:killed_by":{"minecraft:player":1},"minecraft:crafted":{"minecraft:cobblestone_slab":6,"minecraft:stone_shovel":1,"ecologics:coconut_planks":20,"biomesoplenty:mahogany_planks":704,"quark:jungle_chest":6,"minecraft:furnace":2,"ironfurnaces:iron_furnace":1,"sophisticatedbackpacks:crafting_upgrade":1,"biomesoplenty:mahogany_slab":746,"minecraft:cooked_mutton":7,"minecraft:stone_pickaxe":49,"galosphere:silver_ingot":6,"biomesoplenty:mahogany_stairs":28,"minecraft:stone_hoe":1,"minecraft:wooden_shovel":1,"iceandfire:silver_ingot":3,"minecraft:crafting_table":3,"minecraft:wooden_pickaxe":2,"minecraft:cooked_salmon":8,"dungeonnowloading:cobblestone_pebble":9,"mcwbridges:bridge_torch":2,"minecraft:bucket":1,"chipped:carpenters_table":1,"minecraft:stone_axe":3,"minecraft:bread":2,"minecraft:jungle_planks":68,"minecraft:jungle_door":3,"minecraft:charcoal":14,"minecraft:stick":176,"minecraft:iron_ingot":27,"minecraft:wooden_axe":2,"minecraft:stone_sword":1,"minecraft:torch":60,"iceandfire:silver_pickaxe":1},"minecraft:used":{"alexsmobs:emu_egg":1,"biomesoplenty:mahogany_planks":108,"supplementaries:hourglass":6,"minecraft:iron_shovel":20,"minecraft:stone_shovel":80,"biomesoplenty:mahogany_slab":530,"quark:jungle_chest":6,"minecraft:shield":17,"minecraft:iron_sword":55,"tombstone:lollipop":2,"minecraft:wooden_shovel":16,"minecraft:cooked_salmon":8,"minecraft:stone_hoe":14,"minecraft:rotten_flesh":18,"minecraft:iron_chestplate":2,"minecraft:stick":2,"minecraft:torch":40,"chipped:acacia_torch":4,"minecraft:dirt":23,"minecraft:cocoa_beans":15,"minecraft:golden_shovel":1,"chipped:secret_jungle_door":2,"minecraft:granite":5,"minecraft:big_dripleaf":4,"biomesoplenty:mahogany_stairs":24,"minecraft:wooden_axe":32,"biomesoplenty:orange_sand":9,"minecraft:iron_helmet":2,"minecraft:iron_boots":1,"travelersbackpack:snow":1,"delightful:green_tea_leaf":1,"biomesoplenty:mahogany_sapling":2,"ironfurnaces:iron_furnace":1,"minecraft:furnace":5,"alexsmobs:banana":2,"tombstone:gift":3,"minecraft:iron_leggings":2,"minecraft:wheat_seeds":32,"minecraft:cooked_mutton":7,"minecraft:mossy_stone_bricks":1,"chipped:crimson_torch":1,"minecraft:stone_pickaxe":2669,"farmersdelight:golden_knife":1,"minecraft:wooden_pickaxe":59,"chipped:dark_oak_torch":3,"biomesoplenty:mahogany_log":27,"biomesoplenty:mahogany_fence":1,"minecraft:crafting_table":6,"iceandfire:silver_axe":56,"iceandfire:silver_pickaxe":132,"minecraft:bread":2,"minecraft:iron_pickaxe":5,"minecraft:melon_slice":26,"mcwbridges:bridge_torch":8,"supplementaries:clock_block":1,"tombstone:grave_key":1,"chipped:overgrown_jungle_door":2,"biomesoplenty:dried_salt":2,"biomesoplenty:mahogany_boat":3,"minecraft:stone_axe":202,"ecologics:coconut_slice":10,"minecraft:cobblestone":10,"minecraft:jungle_door":3,"minecraft:bucket":1,"chipped:carpenters_table":2}},"DataVersion":3465}