{"stats":{"minecraft:broken":{"minecraft:wooden_axe":1},"minecraft:custom":{"lootr:looted_stat":6,"minecraft:interact_with_furnace":29,"minecraft:mob_kills":27,"minecraft:interact_with_crafting_table":23,"minecraft:damage_dealt_resisted":29,"minecraft:leave_game":3,"minecraft:time_since_death":16385,"minecraft:sleep_in_bed":1,"minecraft:climb_one_cm":1284,"minecraft:time_since_rest":14372,"minecraft:sprint_one_cm":120399,"minecraft:damage_taken":2559,"minecraft:walk_one_cm":376304,"minecraft:drop":12,"tombstone:eaten_lollipop":1,"minecraft:damage_dealt":3670,"minecraft:swim_one_cm":43324,"minecraft:fly_one_cm":164522,"minecraft:crouch_one_cm":915,"minecraft:play_time":106178,"tombstone:undead_killed":4,"minecraft:deaths":5,"minecraft:sneak_time":642,"minecraft:walk_under_water_one_cm":25624,"minecraft:jump":1104,"minecraft:walk_on_water_one_cm":34379,"minecraft:total_world_time":106178,"minecraft:fall_one_cm":20771},"minecraft:picked_up":{"iceandfire:silver_axe":1,"minecraft:crafting_table":3,"minecraft:salmon":8,"minecraft:jungle_log":8,"alexsmobs:acacia_blossom":1,"tombstone:grave_key":2,"supplementaries:flax_seeds":3,"minecraft:gunpowder":1,"minecraft:dirt":67,"minecraft:raw_copper":151,"minecraft:bone":2,"minecraft:stone_bricks":23,"minecraft:wheat_seeds":19,"regions_unexplored:bamboo_sapling":1,"alexsmobs:banana":1,"minecraft:sugar_cane":2,"minecraft:jungle_sapling":1,"minecraft:mossy_stone_bricks":1,"minecraft:bamboo":2,"galosphere:raw_silver":12,"minecraft:melon_slice":41,"delightful:green_tea_leaf":1,"minecraft:acacia_sapling":4,"regions_unexplored:bamboo_log":11,"minecraft:furnace":1,"minecraft:stick":8,"minecraft:raw_iron":15,"minecraft:pumpkin":2,"ecologics:coconut_slice":12,"minecraft:big_dripleaf":8,"ecologics:coconut_seedling":4,"minecraft:torch":3,"minecraft:acacia_log":10,"minecraft:porkchop":3,"minecraft:sand":1,"artifacts:scarf_of_invisibility":1,"tombstone:lollipop":1,"minecraft:jungle_leaves":1,"biomesoplenty:mahogany_log":44,"iceandfire:silver_pickaxe":1,"minecraft:arrow":2,"minecraft:rotten_flesh":7,"biomesoplenty:mahogany_sapling":7,"ecologics:coconut_log":5,"minecraft:granite":15,"minecraft:gray_wool":2,"supplementaries:ash":7,"minecraft:mutton":10,"iceandfire:raw_silver":5,"minecraft:coal":26,"minecraft:white_wool":3,"minecraft:cobblestone":45},"minecraft:mined":{"iceandfire:silver_ore":4,"biomesoplenty:desert_grass":4,"minecraft:jungle_leaves":2,"minecraft:crafting_table":5,"minecraft:granite":15,"minecraft:grass_block":15,"minecraft:melon":9,"galosphere:silver_ore":12,"minecraft:tall_grass":1,"minecraft:copper_ore":44,"minecraft:sugar_cane":1,"biomesoplenty:dead_grass":5,"minecraft:wall_torch":4,"supplementaries:urn":4,"minecraft:large_fern":2,"biomesoplenty:mahogany_log":1,"minecraft:iron_ore":16,"minecraft:andesite":1,"minecraft:pumpkin":2,"treechop:chopped_log":6,"minecraft:vine":3,"minecraft:big_dripleaf_stem":3,"minecraft:grass":27,"minecraft:coal_ore":22,"minecraft:sand":1,"minecraft:dirt":52,"biomesoplenty:spider_egg":1,"minecraft:stone":42,"minecraft:stone_bricks":25,"minecraft:mossy_stone_bricks":1,"minecraft:fern":116},"minecraft:dropped":{"minecraft:wheat_seeds":2,"alexsmobs:acacia_blossom":1,"minecraft:rotten_flesh":1,"tombstone:grave_key":5,"minecraft:acacia_sapling":4,"iceandfire:silver_pickaxe":1,"galosphere:silver_ingot":4},"minecraft:killed":{"minecraft:pig":2,"minecraft:salmon":7,"alexsmobs:seal":1,"minecraft:spider":2,"minecraft:creeper":1,"crittersandcompanions:dragonfly":1,"creeperoverhaul:bamboo_creeper":1,"minecraft:sheep":7,"minecraft:skeleton":1,"minecraft:zombie":3,"ecologics:coconut_crab":1},"minecraft:crafted":{"minecraft:cobblestone_slab":6,"minecraft:wooden_shovel":1,"minecraft:stone_shovel":1,"iceandfire:silver_ingot":3,"minecraft:crafting_table":2,"ecologics:coconut_planks":20,"biomesoplenty:mahogany_planks":84,"minecraft:wooden_pickaxe":2,"minecraft:furnace":1,"dungeonnowloading:cobblestone_pebble":9,"minecraft:stone_axe":1,"minecraft:cooked_mutton":7,"minecraft:stick":32,"minecraft:iron_ingot":6,"minecraft:stone_pickaxe":2,"minecraft:wooden_axe":1,"galosphere:silver_ingot":6,"minecraft:torch":4,"iceandfire:silver_pickaxe":1,"minecraft:stone_hoe":1},"minecraft:used":{"minecraft:wheat_seeds":14,"minecraft:cooked_mutton":7,"minecraft:mossy_stone_bricks":1,"minecraft:iron_shovel":20,"minecraft:stone_shovel":62,"minecraft:wooden_pickaxe":51,"tombstone:lollipop":1,"minecraft:wooden_shovel":16,"minecraft:stone_hoe":14,"minecraft:rotten_flesh":18,"biomesoplenty:mahogany_log":9,"minecraft:torch":7,"minecraft:dirt":20,"minecraft:crafting_table":4,"iceandfire:silver_axe":56,"minecraft:granite":5,"minecraft:golden_shovel":1,"minecraft:big_dripleaf":4,"iceandfire:silver_pickaxe":132,"minecraft:wooden_axe":32,"minecraft:melon_slice":2,"delightful:green_tea_leaf":1,"minecraft:stone_axe":34,"ecologics:coconut_slice":10,"minecraft:furnace":2,"alexsmobs:banana":1,"tombstone:gift":2}},"DataVersion":3465}