{"stats":{"minecraft:killed":{"minecraft:pig":2,"alexsmobs:seal":1,"minecraft:spider":1,"minecraft:creeper":1,"crittersandcompanions:dragonfly":1,"creeperoverhaul:bamboo_creeper":1,"minecraft:sheep":7,"minecraft:skeleton":1,"minecraft:zombie":3,"ecologics:coconut_crab":1},"minecraft:dropped":{"minecraft:wheat_seeds":2,"alexsmobs:acacia_blossom":1,"minecraft:rotten_flesh":1,"tombstone:grave_key":5,"minecraft:acacia_sapling":4,"iceandfire:silver_pickaxe":1,"galosphere:silver_ingot":4},"minecraft:broken":{"minecraft:wooden_axe":1},"minecraft:mined":{"iceandfire:silver_ore":4,"minecraft:crafting_table":4,"minecraft:granite":15,"minecraft:grass_block":1,"minecraft:melon":9,"galosphere:silver_ore":12,"minecraft:copper_ore":44,"minecraft:wall_torch":4,"minecraft:large_fern":2,"supplementaries:urn":4,"minecraft:iron_ore":16,"minecraft:andesite":1,"minecraft:pumpkin":2,"treechop:chopped_log":3,"minecraft:big_dripleaf_stem":3,"minecraft:grass":7,"minecraft:coal_ore":22,"minecraft:sand":1,"biomesoplenty:spider_egg":1,"minecraft:stone":18,"minecraft:stone_bricks":25,"minecraft:mossy_stone_bricks":1,"minecraft:fern":17},"minecraft:used":{"minecraft:cooked_mutton":7,"minecraft:mossy_stone_bricks":1,"minecraft:iron_shovel":20,"minecraft:wooden_pickaxe":27,"tombstone:lollipop":1,"minecraft:rotten_flesh":18,"minecraft:torch":7,"minecraft:crafting_table":2,"iceandfire:silver_axe":56,"minecraft:granite":5,"minecraft:golden_shovel":1,"minecraft:big_dripleaf":4,"iceandfire:silver_pickaxe":132,"minecraft:wooden_axe":32,"minecraft:melon_slice":2,"ecologics:coconut_slice":10,"minecraft:furnace":1,"tombstone:gift":2},"minecraft:picked_up":{"iceandfire:silver_axe":1,"minecraft:crafting_table":2,"alexsmobs:acacia_blossom":1,"tombstone:grave_key":2,"supplementaries:flax_seeds":3,"minecraft:gunpowder":1,"minecraft:dirt":1,"minecraft:raw_copper":151,"minecraft:bone":2,"minecraft:stone_bricks":23,"minecraft:wheat_seeds":3,"regions_unexplored:bamboo_sapling":1,"minecraft:mossy_stone_bricks":1,"minecraft:bamboo":2,"galosphere:raw_silver":12,"minecraft:melon_slice":41,"minecraft:acacia_sapling":4,"regions_unexplored:bamboo_log":11,"minecraft:furnace":1,"minecraft:stick":3,"minecraft:raw_iron":15,"minecraft:pumpkin":2,"ecologics:coconut_slice":12,"minecraft:big_dripleaf":8,"ecologics:coconut_seedling":4,"minecraft:torch":3,"minecraft:acacia_log":10,"minecraft:porkchop":3,"minecraft:sand":1,"artifacts:scarf_of_invisibility":1,"tombstone:lollipop":1,"minecraft:jungle_leaves":1,"iceandfire:silver_pickaxe":1,"minecraft:arrow":2,"minecraft:rotten_flesh":7,"ecologics:coconut_log":5,"minecraft:granite":15,"minecraft:gray_wool":2,"supplementaries:ash":7,"minecraft:mutton":10,"iceandfire:raw_silver":5,"minecraft:coal":26,"minecraft:white_wool":3,"minecraft:cobblestone":21},"minecraft:crafted":{"iceandfire:silver_ingot":3,"minecraft:crafting_table":1,"ecologics:coconut_planks":20,"minecraft:wooden_pickaxe":1,"minecraft:cooked_mutton":7,"minecraft:stick":8,"minecraft:iron_ingot":6,"minecraft:stone_pickaxe":1,"minecraft:wooden_axe":1,"galosphere:silver_ingot":6,"minecraft:torch":4,"iceandfire:silver_pickaxe":1},"minecraft:custom":{"lootr:looted_stat":6,"minecraft:interact_with_furnace":27,"minecraft:mob_kills":19,"minecraft:interact_with_crafting_table":14,"minecraft:damage_dealt_resisted":29,"minecraft:leave_game":3,"minecraft:time_since_death":73,"minecraft:sleep_in_bed":1,"minecraft:climb_one_cm":559,"minecraft:time_since_rest":1,"minecraft:sprint_one_cm":117241,"minecraft:damage_taken":2309,"minecraft:walk_one_cm":330950,"minecraft:drop":12,"tombstone:eaten_lollipop":1,"minecraft:damage_dealt":3255,"minecraft:swim_one_cm":36712,"minecraft:fly_one_cm":160810,"minecraft:crouch_one_cm":915,"minecraft:play_time":89866,"tombstone:undead_killed":4,"minecraft:deaths":5,"minecraft:sneak_time":582,"minecraft:walk_under_water_one_cm":18072,"minecraft:jump":1035,"minecraft:walk_on_water_one_cm":25444,"minecraft:total_world_time":89866,"minecraft:fall_one_cm":19832}},"DataVersion":3465}