{"stats":{"minecraft:crafted":{"minecraft:cobblestone_slab":6,"ironfurnaces:iron_furnace":1,"biomesoplenty:mahogany_slab":746,"sophisticatedbackpacks:crafting_upgrade":1,"minecraft:cooked_mutton":7,"galosphere:silver_ingot":6,"minecraft:stone_hoe":1,"minecraft:wooden_shovel":1,"minecraft:crafting_table":3,"minecraft:wooden_pickaxe":2,"tombstone:book_of_oblivion":1,"chipped:carpenters_table":1,"minecraft:charcoal":14,"minecraft:stick":176,"minecraft:iron_ingot":27,"biomesoplenty:mahogany_boat":1,"minecraft:stone_sword":1,"minecraft:stone_shovel":1,"ecologics:coconut_planks":20,"biomesoplenty:mahogany_planks":772,"quark:jungle_chest":6,"minecraft:furnace":2,"minecraft:stone_pickaxe":49,"biomesoplenty:mahogany_stairs":28,"more_bows_and_arrows:amethyst_bow":1,"iceandfire:silver_ingot":3,"dungeonnowloading:cobblestone_pebble":9,"minecraft:cooked_salmon":8,"mcwbridges:bridge_torch":2,"minecraft:bucket":1,"minecraft:stone_axe":3,"minecraft:bread":6,"minecraft:jungle_planks":68,"minecraft:jungle_door":3,"minecraft:wooden_axe":2,"minecraft:torch":60,"iceandfire:silver_pickaxe":1},"minecraft:used":{"alexsmobs:emu_egg":1,"stalwart_dungeons:iron_hammer":4,"supplementaries:hourglass":6,"minecraft:iron_shovel":42,"sophisticatedbackpacks:copper_backpack":1,"biomesoplenty:mahogany_slab":530,"minecraft:shield":50,"minecraft:iron_sword":243,"tombstone:lollipop":3,"minecraft:rotten_flesh":37,"minecraft:iron_chestplate":2,"minecraft:cocoa_beans":15,"minecraft:big_dripleaf":4,"minecraft:iron_helmet":2,"biomesoplenty:mahogany_sapling":2,"delightful:green_tea_leaf":1,"ironfurnaces:iron_furnace":1,"minecraft:sweet_berries":12,"minecraft:furnace":5,"minecraft:mossy_stone_bricks":1,"minecraft:diorite":13,"minecraft:stone_pickaxe":2669,"minecraft:wooden_pickaxe":59,"minecraft:mossy_stone_brick_stairs":1,"minecraft:diamond_axe":92,"minecraft:golden_apple":1,"minecraft:glow_berries":7,"alexscaves:cave_book":7,"iceandfire:silver_axe":56,"iceandfire:silver_pickaxe":132,"minecraft:cyan_bed":1,"minecraft:bread":9,"minecraft:melon_slice":58,"supplementaries:clock_block":1,"tombstone:grave_key":5,"biomesoplenty:glowing_moss_carpet":1,"biomesoplenty:dried_salt":2,"ecologics:coconut_slice":10,"chipped:carpenters_table":2,"more_bows_and_arrows:amethyst_bow":4,"biomesoplenty:mahogany_planks":109,"minecraft:stone_shovel":80,"quark:jungle_chest":6,"minecraft:wooden_shovel":16,"minecraft:cooked_salmon":8,"minecraft:stone_hoe":14,"minecraft:stick":2,"minecraft:torch":59,"chipped:acacia_torch":4,"minecraft:dirt":24,"minecraft:golden_shovel":1,"chipped:secret_jungle_door":2,"minecraft:granite":5,"minecraft:mossy_cobblestone_stairs":1,"biomesoplenty:mahogany_stairs":24,"minecraft:wooden_axe":32,"minecraft:iron_axe":13,"biomesoplenty:orange_sand":9,"minecraft:iron_boots":1,"travelersbackpack:snow":1,"minecraft:smooth_basalt":2,"alexscaves:spelunkery_table":1,"quark:orange_corundum":2,"alexsmobs:banana":2,"tombstone:gift":4,"minecraft:cobbled_deepslate":13,"minecraft:iron_leggings":2,"biomesoplenty:black_sand":1,"minecraft:calcite":4,"minecraft:wheat_seeds":32,"minecraft:cooked_mutton":7,"chipped:crimson_torch":1,"minecraft:cobblestone_stairs":1,"minecraft:baked_potato":3,"farmersdelight:golden_knife":1,"chipped:dark_oak_torch":4,"biomesoplenty:mahogany_log":27,"biomesoplenty:mahogany_fence":1,"minecraft:crafting_table":6,"minecraft:apple":2,"minecraft:diamond_pickaxe":101,"mcwbridges:bridge_torch":8,"minecraft:iron_pickaxe":131,"chipped:overgrown_jungle_door":2,"biomesoplenty:mahogany_boat":8,"minecraft:stone_axe":206,"minecraft:cobblestone":84,"minecraft:jungle_door":3,"minecraft:bucket":1},"minecraft:killed":{"minecraft:cave_spider":1,"minecraft:spider":8,"illagerinvasion:basher":1,"quark:forgotten":1,"creeperoverhaul:bamboo_creeper":1,"minecraft:skeleton":6,"alexsmobs:leafcutter_ant":1,"ecologics:coconut_crab":1,"minecraft:silverfish":15,"illagerinvasion:inquisitor":2,"minecraft:pig":2,"minecraft:salmon":11,"alexsmobs:seal":1,"minecraft:creeper":1,"minecraft:sheep":7,"minecraft:trader_llama":2,"tinyskeletons:baby_skeleton":2,"minecraft:zombie":18,"minecraft:glow_squid":1,"graveyard:nightmare":2,"minecraft:vindicator":2,"quark:toretoise":1,"crittersandcompanions:dragonfly":1,"minecraft:drowned":1,"minecraft:wandering_trader":1,"endermanoverhaul:cave_enderman":1,"iceandfire:ghost":1},"minecraft:custom":{"lootr:looted_stat":16,"minecraft:interact_with_crafting_table":82,"minecraft:open_barrel":1,"minecraft:eat_cake_slice":7,"minecraft:leave_game":11,"minecraft:time_since_death":24467,"minecraft:sprint_one_cm":406836,"minecraft:damage_blocked_by_shield":3005,"minecraft:drop":101,"tombstone:eaten_lollipop":3,"minecraft:play_noteblock":1,"minecraft:play_time":478884,"minecraft:deaths":16,"minecraft:jump":3449,"minecraft:walk_on_water_one_cm":92394,"minecraft:interact_with_furnace":48,"minecraft:interact_with_loom":11,"minecraft:sleep_in_bed":2,"minecraft:damage_dealt":19473,"minecraft:crouch_one_cm":5123,"tombstone:undead_killed":29,"tombstone:villager_killed":1,"minecraft:inspect_dispenser":2,"minecraft:interact_with_smithing_table":1,"minecraft:inspect_dropper":2,"minecraft:interact_with_anvil":2,"minecraft:mob_kills":93,"minecraft:damage_dealt_resisted":179,"minecraft:climb_one_cm":5831,"minecraft:walk_one_cm":1616948,"minecraft:damage_dealt_absorbed":195,"minecraft:sneak_time":2442,"minecraft:walk_under_water_one_cm":49270,"minecraft:boat_one_cm":15392,"minecraft:total_world_time":478884,"tombstone:raider_killed":5,"minecraft:time_since_rest":24366,"minecraft:damage_taken":8493,"minecraft:damage_absorbed":20,"minecraft:trigger_trapped_chest":2,"minecraft:swim_one_cm":75679,"minecraft:fly_one_cm":428037,"minecraft:open_chest":155,"minecraft:fall_one_cm":57404},"minecraft:dropped":{"minecraft:iron_sword":1,"minecraft:piston":1,"minecraft:crafting_table":3,"travelersbackpack:snow":1,"minecraft:dirt":19,"biomesoplenty:mahogany_boat":1,"minecraft:jungle_sapling":3,"minecraft:bone_meal":1,"minecraft:iron_pickaxe":1,"minecraft:stone_axe":1,"minecraft:iron_nugget":4,"minecraft:cobbled_deepslate":31,"alexscaves:cave_tablet":5,"biomesoplenty:mahogany_stairs":16,"minecraft:rotten_flesh":1,"alexscaves:cave_book":1,"mcwbridges:bridge_torch":2,"more_bows_and_arrows:amethyst_bow":2,"minecraft:acacia_sapling":4,"minecraft:leather_leggings":1,"minecraft:iron_bars":1,"minecraft:arrow":16,"biomesoplenty:mahogany_sapling":31,"iceandfire:silver_pickaxe":1,"minecraft:bread":5,"minecraft:enchanted_book":2,"minecraft:wheat_seeds":37,"minecraft:oak_fence":1,"minecraft:iron_helmet":1,"minecraft:cobblestone":81,"minecraft:book":12,"chipped:dark_oak_torch":59,"alexscaves:spelunkery_table":1,"minecraft:stick":7,"biomesoplenty:mahogany_fence":2,"illagerinvasion:platinum_chunk":1,"tombstone:grave_key":5,"minecraft:melon_slice":13,"minecraft:cooked_salmon":6,"minecraft:iron_leggings":1,"sophisticatedbackpacks:crafting_upgrade":2,"minecraft:paper":14,"minecraft:string":6,"alexsmobs:acacia_blossom":1,"minecraft:stone_sword":1,"minecraft:iron_boots":1,"minecraft:iron_chestplate":1,"minecraft:oak_sapling":2,"minecraft:spider_eye":4,"minecraft:stone_pickaxe":4,"crittersandcompanions:grappling_hook":2,"galosphere:silver_ingot":4},"minecraft:mined":{"minecraft:large_amethyst_bud":2,"biomesoplenty:glowshroom":7,"minecraft:cobblestone_stairs":1,"minecraft:jungle_leaves":2,"minecraft:granite":15,"minecraft:grass_block":33,"biomesoplenty:dried_salt":2156,"chipped:secret_jungle_door":2,"minecraft:iron_ore":16,"minecraft:cobbled_deepslate":1,"minecraft:pumpkin":2,"minecraft:deepslate_lapis_ore":2,"mcwbridges:bridge_torch":7,"supplementaries:stick":2,"biomesoplenty:glowshroom_block":1,"sophisticatedbackpacks:copper_backpack":1,"minecraft:piston_head":1,"minecraft:deepslate_redstone_ore":15,"minecraft:jungle_door":3,"chipped:dark_oak_wall_torch":1,"minecraft:amethyst_cluster":7,"minecraft:torch":5,"minecraft:note_block":1,"minecraft:calcite":4,"minecraft:melon":22,"minecraft:mushroom_stem":5,"galosphere:silver_ore":12,"minecraft:cobblestone":13,"minecraft:cyan_bed":1,"biomesoplenty:mahogany_slab":1,"minecraft:sugar_cane":1,"minecraft:wall_torch":8,"minecraft:amethyst_block":11,"minecraft:seagrass":1,"minecraft:repeater":1,"supplementaries:hourglass":5,"minecraft:wheat":18,"chipped:crimson_torch":1,"minecraft:pitcher_plant":1,"minecraft:grass":43,"minecraft:sand":1,"minecraft:dirt":85,"minecraft:smooth_basalt":2,"minecraft:oak_leaves":9,"minecraft:deepslate":73,"alexscaves:spelunkery_table":2,"minecraft:tuff":3,"iceandfire:silver_ore":4,"minecraft:mossy_cobblestone":2,"minecraft:deepslate_diamond_ore":25,"biomesoplenty:desert_grass":4,"minecraft:spruce_fence":2,"biomesoplenty:mahogany_sapling":2,"biomesoplenty:dead_grass":5,"minecraft:large_fern":2,"minecraft:furnace":3,"minecraft:andesite":1,"treechop:chopped_log":16,"minecraft:big_dripleaf_stem":3,"minecraft:mossy_stone_brick_stairs":1,"minecraft:bookshelf":2,"minecraft:vine":10,"crittersandcompanions:silk_cocoon":2,"biomesoplenty:spider_egg":1,"minecraft:stone":601,"minecraft:podzol":1,"minecraft:redstone_block":1,"biomesoplenty:orange_sand":2,"minecraft:oak_fence":1,"minecraft:crafting_table":9,"biomesoplenty:mahogany_planks":3,"chipped:carpenters_table":1,"minecraft:copper_ore":48,"minecraft:tall_grass":1,"minecraft:lapis_ore":1,"minecraft:diorite":13,"supplementaries:urn":36,"biomesoplenty:mahogany_log":9,"minecraft:coal_ore":22,"biomesoplenty:mahogany_stairs":4,"minecraft:cocoa":5,"minecraft:stone_bricks":25,"minecraft:mossy_stone_bricks":1,"minecraft:fern":290,"chipped:acacia_torch":4},"minecraft:broken":{"minecraft:iron_boots":1,"minecraft:stone_pickaxe":19,"minecraft:stone_axe":1,"minecraft:iron_sword":1,"minecraft:wooden_axe":1,"quark:forgotten_hat":1,"minecraft:shield":1},"minecraft:killed_by":{"minecraft:player":1},"minecraft:picked_up":{"minecraft:iron_chestplate":4,"minecraft:wheat":18,"illagerinvasion:platinum_chunk":1,"quark:orange_corundum":2,"minecraft:lead":4,"alexscaves:cave_tablet":2,"minecraft:brown_bed":1,"minecraft:enchanted_book":6,"tombstone:grave_key":2,"minecraft:amethyst_block":11,"crittersandcompanions:grappling_hook":3,"minecraft:string":6,"minecraft:raw_copper":164,"minecraft:cooked_salmon":7,"minecraft:iron_leggings":4,"minecraft:zombie_head":3,"minecraft:cobbled_deepslate":75,"supplementaries:hourglass":5,"alexsmobs:emu_feather":1,"minecraft:gold_nugget":7,"regions_unexplored:bamboo_sapling":1,"alexsmobs:banana":1,"mcwbridges:bridge_torch":8,"minecraft:calcite":4,"minecraft:iron_pickaxe":2,"minecraft:melon_slice":120,"delightful:green_tea_leaf":7,"minecraft:iron_boots":3,"minecraft:furnace":4,"minecraft:stick":41,"minecraft:jungle_door":3,"minecraft:big_dripleaf":10,"minecraft:oak_fence":1,"minecraft:torch":41,"minecraft:acacia_log":10,"ecologics:coconut_seedling":4,"quark:yellow_corundum_cluster":1,"minecraft:porkchop":3,"tombstone:grave_dust":10,"minecraft:pointed_dripstone":19,"minecraft:diorite":13,"biomesoplenty:mahogany_fence":5,"tombstone:lollipop":3,"minecraft:stone_sword":2,"minecraft:rotten_flesh":27,"biomesoplenty:mahogany_sapling":51,"ecologics:coconut_log":5,"supplementaries:antique_ink":4,"supplementaries:ash":84,"minecraft:iron_bars":2,"minecraft:cobblestone":554,"biomesoplenty:dried_salt":1878,"minecraft:jungle_log":17,"biomesoplenty:glowshroom":7,"minecraft:tuff":3,"biomesoplenty:mahogany_boat":8,"supplementaries:flax_seeds":3,"minecraft:lapis_lazuli":19,"minecraft:dirt":121,"chipped:crimson_torch":1,"minecraft:name_tag":1,"minecraft:bone":50,"minecraft:wheat_seeds":99,"stalwart_dungeons:iron_hammer":1,"minecraft:raw_gold":6,"minecraft:mossy_stone_bricks":1,"minecraft:bamboo":2,"galosphere:raw_silver":12,"biomesoplenty:mahogany_planks":145,"minecraft:stone_hoe":1,"minecraft:mossy_stone_brick_stairs":1,"regions_unexplored:bamboo_log":11,"minecraft:sand":1,"minecraft:cyan_bed":1,"minecraft:jungle_leaves":1,"minecraft:bundle":1,"chipped:carpenters_table":1,"minecraft:diamond":27,"minecraft:deepslate":1,"minecraft:granite":15,"minecraft:bone_meal":1,"minecraft:bread":5,"minecraft:emerald":17,"alexsmobs:maggot":1,"minecraft:oak_sapling":2,"iceandfire:raw_silver":5,"more_bows_and_arrows:amethyst_bow":2,"minecraft:cocoa_beans":15,"minecraft:charcoal":29,"minecraft:crafting_table":10,"minecraft:leather_leggings":1,"minecraft:shield":2,"graveyard:corruption":3,"minecraft:candle":1,"biomesoplenty:black_sand":1,"minecraft:jungle_sapling":3,"minecraft:iron_nugget":4,"minecraft:sugar_cane":2,"farmersdelight:golden_knife":2,"minecraft:piston":1,"crittersandcompanions:clam":2,"quark:orange_corundum_cluster":2,"minecraft:raw_iron":68,"ecologics:coconut_slice":12,"sophisticatedbackpacks:crafting_upgrade":2,"minecraft:spruce_fence":1,"minecraft:note_block":1,"minecraft:redstone":68,"minecraft:stone_pressure_plate":4,"travelersbackpack:snow":2,"minecraft:arrow":18,"chipped:secret_jungle_door":2,"minecraft:shears":1,"crittersandcompanions:silk":8,"alexscaves:spelunkery_table":2,"biomesoplenty:mahogany_stairs":12,"sophisticatedbackpacks:copper_backpack":2,"minecraft:glow_berries":5,"minecraft:mutton":10,"minecraft:white_wool":3,"biomesoplenty:orange_sand":6,"iceandfire:silver_axe":1,"minecraft:glow_ink_sac":2,"minecraft:salmon":12,"minecraft:leather":11,"alexsmobs:acacia_blossom":1,"minecraft:lily_pad":2,"iceandfire:ectoplasm":5,"minecraft:gunpowder":2,"minecraft:cobblestone_stairs":1,"tombstone:gift":1,"quark:forgotten_hat":1,"biomesoplenty:glowing_moss_carpet":1,"biomesoplenty:mahogany_slab":5,"minecraft:apple":2,"minecraft:stone_bricks":23,"minecraft:iron_ingot":16,"minecraft:stone_pickaxe":5,"minecraft:cobweb":22,"minecraft:iron_sword":2,"minecraft:acacia_sapling":4,"minecraft:book":12,"minecraft:smooth_basalt":2,"minecraft:pitcher_plant":1,"minecraft:pumpkin":2,"minecraft:amethyst_shard":24,"artifacts:scarf_of_invisibility":1,"minecraft:spider_eye":7,"biomesoplenty:mahogany_log":288,"iceandfire:silver_pickaxe":1,"minecraft:stone_axe":2,"minecraft:iron_helmet":3,"minecraft:mossy_cobblestone_stairs":1,"minecraft:gray_wool":2,"chipped:dark_oak_torch":61,"minecraft:baked_potato":3,"chipped:acacia_torch":4,"minecraft:coal":48}},"DataVersion":3465}