{"stats":{"minecraft:crafted":{"minecraft:chain":2,"ironfurnaces:iron_furnace":1,"sophisticatedbackpacks:crafting_upgrade":1,"minecraft:cooked_mutton":7,"minecraft:glass":6,"galosphere:silver_ingot":6,"alexsmobs:cooked_catfish":1,"minecraft:wooden_shovel":1,"minecraft:gold_ingot":6,"iceandfire:dragon_horn":1,"minecraft:stone_shovel":1,"minecraft:iron_nugget":9,"ecologics:coconut_planks":20,"quark:jungle_chest":6,"biomesoplenty:dead_fence":36,"iceandfire:dragon_flute":1,"minecraft:bone_meal":27,"twilightforest:twilight_oak_planks":76,"dungeonnowloading:spawner_leggings":1,"minecraft:stone_pickaxe":49,"biomesoplenty:mahogany_stairs":28,"biomesoplenty:dead_planks":256,"ironchest:wood_to_iron_chest_upgrade":8,"dungeonnowloading:skull_of_chaos":1,"aquaculture:diamond_fishing_rod":1,"mcwbridges:bridge_torch":2,"biomesoplenty:dead_slab":162,"ironchest:iron_to_gold_chest_upgrade":3,"minecraft:wooden_axe":2,"dungeonnowloading:spawner_blade":1,"minecraft:iron_leggings":1,"ironfurnaces:upgrade_diamond":1,"iceandfire:silver_pickaxe":1,"alexscaves:polymer_plate":4,"minecraft:cobblestone_slab":6,"minecraft:stone":0,"biomesoplenty:mahogany_slab":746,"nethersdelight:hoglin_sirloin":4,"minecraft:iron_boots":1,"dungeonnowloading:spawner_boots":1,"minecraft:stone_hoe":1,"dungeonnowloading:spawner_frame":42,"minecraft:crafting_table":3,"minecraft:wooden_pickaxe":2,"minecraft:brush":1,"tombstone:book_of_oblivion":1,"minecraft:gold_block":1,"chipped:carpenters_table":1,"minecraft:charcoal":14,"minecraft:stick":296,"minecraft:iron_ingot":27,"minecraft:stone_sword":1,"biomesoplenty:mahogany_boat":2,"ironfurnaces:gold_furnace":1,"biomesoplenty:mahogany_planks":772,"minecraft:furnace":2,"graveyard:dark_iron_ingot":1,"biomesoplenty:dead_stairs":24,"regions_unexplored:joshua_planks":4,"more_bows_and_arrows:amethyst_bow":1,"minecraft:cooked_cod":1,"iceandfire:silver_ingot":3,"iceandfire:dragon_meal":6,"minecraft:cooked_salmon":11,"dungeonnowloading:cobblestone_pebble":9,"minecraft:bucket":3,"minecraft:stone_axe":3,"minecraft:bread":12,"minecraft:air":0,"minecraft:jungle_planks":104,"regions_unexplored:redwood_planks":148,"minecraft:jungle_door":3,"dungeonnowloading:spawner_chestplate":1,"ironfurnaces:upgrade_emerald":1,"minecraft:torch":228},"minecraft:used":{"alexsmobs:emu_egg":1,"sophisticatedbackpacks:copper_backpack":4,"minecraft:poppy":10,"lootr:trophy":3,"minecraft:rotten_flesh":51,"minecraft:cocoa_beans":15,"blue_skies:winter_leaf_seeds":5,"twilightforest:twilight_oak_planks":16,"biomesoplenty:mahogany_sapling":2,"delightful:green_tea_leaf":3,"ironfurnaces:iron_furnace":1,"minecraft:sweet_berries":12,"mutantmonsters:hulk_hammer":12,"minecraft:furnace":5,"minecraft:cooked_cod":7,"minecraft:egg":4,"minecraft:potato":3,"minecraft:mossy_stone_bricks":1,"minecraft:diorite":13,"minecraft:wooden_pickaxe":59,"minecraft:mossy_stone_brick_stairs":5,"minecraft:golden_apple":4,"minecraft:glow_berries":7,"iceandfire:silver_pickaxe":132,"chipped:warped_torch":9,"supplementaries:clock_block":1,"biomesoplenty:glowing_moss_carpet":1,"supplementaries:flax_seeds":4,"minecraft:diamond_sword":494,"supplementaries:bamboo_spikes":1,"chipped:carpenters_table":2,"more_bows_and_arrows:amethyst_bow":192,"ironchest:wood_to_iron_chest_upgrade":9,"alexscaves:green_soylent":7,"ironfurnaces:gold_furnace":1,"alexscaves:hazmat_chestplate":1,"minecraft:stone_sword":19,"minecraft:cooked_salmon":10,"minecraft:stick":2,"minecraft:torch":317,"minecraft:brewing_stand":1,"chipped:secret_jungle_door":2,"minecraft:golden_shovel":1,"minecraft:mossy_cobblestone_stairs":1,"biomesoplenty:mahogany_stairs":24,"minecraft:iron_axe":13,"minecraft:smooth_basalt":2,"tombstone:gift":7,"minecraft:cobbled_deepslate":45,"minecraft:calcite":4,"minecraft:wheat_seeds":52,"alexsmobs:cooked_catfish":1,"chipped:crimson_torch":1,"farmersdelight:golden_knife":1,"minecraft:cauldron":1,"iceandfire:dragon_skull_lightning":1,"chipped:dark_oak_torch":4,"minecraft:cracked_stone_bricks":1,"biomesoplenty:mahogany_log":27,"minecraft:mossy_cobblestone":2,"minecraft:crafting_table":8,"supplementaries:bomb":1,"minecraft:diamond_pickaxe":2710,"minecraft:iron_pickaxe":131,"ironchest:diamond_to_obsidian_chest_upgrade":1,"alexscaves:spelunkie":5,"chipped:overgrown_jungle_door":2,"biomesoplenty:mahogany_boat":11,"minecraft:enchanted_book":1,"minecraft:potion":1,"minecraft:cobblestone":90,"illagerinvasion:platinum_infused_hatchet":2,"minecraft:brush":32,"alexscaves:radrock":311,"stalwart_dungeons:iron_hammer":208,"supplementaries:hourglass":6,"minecraft:iron_shovel":67,"biomesoplenty:dead_fence":33,"biomesoplenty:mahogany_slab":530,"minecraft:shield":224,"minecraft:iron_sword":243,"tombstone:lollipop":8,"minecraft:iron_chestplate":2,"minecraft:carrot":2,"minecraft:tuff":17,"minecraft:music_disc_13":1,"minecraft:big_dripleaf":4,"minecraft:iron_helmet":2,"aquaculture:diamond_fishing_rod":12,"minecraft:written_book":3,"minecraft:stone_pickaxe":2669,"minecraft:redstone_block":1,"minecraft:diamond_axe":276,"blue_skies:winter_leaves":15,"alexscaves:cave_book":7,"iceandfire:silver_axe":56,"minecraft:black_concrete":10,"minecraft:melon_slice":62,"minecraft:bread":63,"minecraft:cyan_bed":1,"tombstone:grave_key":8,"ironchest:iron_to_gold_chest_upgrade":3,"nethersdelight:hoglin_sirloin":4,"biomesoplenty:dried_salt":2,"ecologics:coconut_slice":10,"minecraft:cooked_rabbit":2,"minecraft:bone_meal":21,"minecraft:cobweb":19,"minecraft:experience_bottle":14,"biomesoplenty:mahogany_planks":109,"minecraft:music_disc_otherside":1,"minecraft:stone_shovel":80,"twilightforest:torchberries":1,"quark:jungle_chest":7,"minecraft:wooden_shovel":16,"minecraft:stone_hoe":14,"minecraft:cooked_chicken":1,"minecraft:dirt":24,"chipped:acacia_torch":4,"iceandfire:pixie_dust":1,"minecraft:granite":5,"minecraft:dark_oak_planks":1,"minecraft:wooden_axe":32,"biomesoplenty:dead_stairs":25,"biomesoplenty:orange_sand":9,"minecraft:iron_boots":2,"biomesoplenty:dead_slab":158,"travelersbackpack:snow":1,"quark:orange_corundum":2,"alexscaves:spelunkery_table":1,"minecraft:golden_carrot":14,"alexscaves:radrock_bricks":3,"ironchest:diamond_to_crystal_chest_upgrade":1,"alexsmobs:banana":2,"minecraft:cooked_beef":13,"biomesoplenty:dead_log":26,"minecraft:iron_leggings":3,"biomesoplenty:black_sand":1,"minecraft:cooked_mutton":7,"minecraft:cobblestone_stairs":1,"minecraft:baked_potato":4,"biomesoplenty:mahogany_fence":1,"minecraft:music_disc_cat":1,"tombstone:bag_of_seeds":4,"minecraft:apple":24,"mcwbridges:bridge_torch":8,"minecraft:stone_axe":206,"minecraft:white_banner":1,"minecraft:jungle_door":3,"minecraft:bucket":3,"alexsmobs:animal_dictionary":2},"minecraft:custom":{"minecraft:interact_with_crafting_table":154,"minecraft:open_barrel":19,"goblintraders:trade_with_goblin":2,"minecraft:eat_cake_slice":7,"minecraft:leave_game":16,"minecraft:time_since_death":6054,"minecraft:damage_blocked_by_shield":9051,"tombstone:eaten_lollipop":8,"minecraft:play_time":1039129,"minecraft:deaths":39,"minecraft:jump":6484,"tombstone:kill_undead_boss":1,"minecraft:interact_with_furnace":78,"minecraft:play_record":3,"minecraft:sleep_in_bed":7,"minecraft:damage_dealt":60924,"tombstone:undead_killed":172,"minecraft:interact_with_smoker":9,"minecraft:inspect_dispenser":2,"minecraft:interact_with_smithing_table":3,"minecraft:inspect_dropper":2,"minecraft:interact_with_anvil":5,"minecraft:damage_dealt_absorbed":355,"minecraft:sneak_time":12066,"minecraft:interact_with_blast_furnace":1,"minecraft:total_world_time":1039129,"tombstone:raider_killed":14,"minecraft:time_since_rest":5822,"minecraft:swim_one_cm":99855,"minecraft:fly_one_cm":921979,"minecraft:open_chest":452,"minecraft:fish_caught":5,"minecraft:fall_one_cm":198997,"lootr:looted_stat":120,"twilightforest:torchberries_harvested":8,"minecraft:sprint_one_cm":1121753,"minecraft:drop":436,"minecraft:play_noteblock":1,"minecraft:talked_to_villager":2,"minecraft:walk_on_water_one_cm":201929,"minecraft:interact_with_loom":14,"minecraft:player_kills":4,"minecraft:crouch_one_cm":37243,"tombstone:villager_killed":1,"minecraft:mob_kills":312,"minecraft:damage_dealt_resisted":546,"minecraft:climb_one_cm":35036,"minecraft:walk_one_cm":3150583,"minecraft:walk_under_water_one_cm":128755,"minecraft:boat_one_cm":15452,"minecraft:pot_flower":2,"minecraft:damage_taken":21381,"minecraft:damage_absorbed":124,"minecraft:trigger_trapped_chest":2},"minecraft:killed":{"minecraft:cave_spider":5,"twilightforest:lich_minion":3,"illagerinvasion:basher":1,"minecraft:skeleton":42,"twilightforest:lich":1,"alexscaves:radgill":6,"alexsmobs:leafcutter_ant":1,"minecraft:chicken":1,"ecologics:coconut_crab":1,"alexscaves:gammaroach":2,"minecraft:salmon":11,"alexsmobs:seal":1,"mutantmonsters:mutant_skeleton":1,"endermanoverhaul:savanna_enderman":1,"minecraft:pillager":1,"tinyskeletons:baby_skeleton":3,"minecraft:zombie":89,"alexsmobs:roadrunner":1,"minecraft:glow_squid":1,"mca:female_zombie_villager":3,"alexscaves:brainiac":4,"graveyard:nightmare":2,"minecraft:vindicator":3,"illagerinvasion:marauder":2,"quark:toretoise":1,"crittersandcompanions:dragonfly":1,"minecraft:husk":1,"graveyard:ghoul":2,"twilightforest:kobold":9,"minecraft:wandering_trader":1,"alexsmobs:catfish":1,"endermanoverhaul:cave_enderman":1,"iceandfire:ghost":1,"minecraft:enderman":2,"minecraft:witch":2,"graveyard:skeleton_creeper":1,"minecraft:spider":25,"quark:forgotten":2,"creeperoverhaul:bamboo_creeper":2,"minecraft:silverfish":15,"artifacts:mimic":2,"illagerinvasion:inquisitor":2,"minecraft:pig":2,"hunters_return:hunter":3,"minecraft:creeper":2,"minecraft:sheep":11,"minecraft:trader_llama":2,"alexsmobs:terrapin":1,"minecraft:stray":9,"iceandfire:pixie":1,"alexscaves:nucleeper":3,"minecraft:drowned":3,"minecraft:hoglin":2,"mutantmonsters:mutant_enderman":1,"minecraft:wither_skeleton":7,"minecraft:player":5},"minecraft:dropped":{"minecraft:iron_sword":1,"minecraft:piston":1,"crittersandcompanions:clam":1,"minecraft:glass_bottle":5,"minecraft:diamond":1,"minecraft:crafting_table":3,"minecraft:pitcher_pod":1,"biomesoplenty:mahogany_planks":53,"minecraft:mossy_stone_brick_stairs":1,"minecraft:cracked_stone_bricks":3,"minecraft:dirt":28,"twilightforest:firefly":1,"iceandfire:dragon_horn":1,"minecraft:gold_nugget":3,"minecraft:chain":1,"minecraft:jungle_sapling":4,"supplementaries:flax":1,"minecraft:bone_meal":4,"minecraft:bone_block":8,"minecraft:sand":2,"minecraft:sugar":2,"minecraft:iron_pickaxe":1,"minecraft:dark_oak_planks":1,"minecraft:bone":57,"minecraft:stone_axe":1,"mutantmonsters:hulk_hammer":1,"blue_skies:winter_leaf_seeds":11,"minecraft:iron_nugget":4,"minecraft:cobbled_deepslate":31,"alexscaves:cave_tablet":5,"minecraft:wheat":16,"minecraft:deepslate_brick_slab":1,"minecraft:rotten_flesh":50,"minecraft:glowstone_dust":4,"supplementaries:flax_seeds":15,"minecraft:tipped_arrow":13,"alexscaves:cave_book":1,"mcwbridges:bridge_torch":2,"biomesoplenty:wildflower":2,"more_bows_and_arrows:amethyst_bow":2,"minecraft:acacia_sapling":4,"minecraft:leather_leggings":2,"biomesoplenty:mahogany_sapling":33,"minecraft:stone_brick_stairs":1,"minecraft:egg":4,"minecraft:enchanted_book":4,"minecraft:wheat_seeds":86,"minecraft:oak_fence":1,"minecraft:iron_helmet":3,"minecraft:cobblestone":161,"minecraft:book":12,"minecraft:chainmail_helmet":1,"minecraft:coal":1,"biomesoplenty:mahogany_fence":2,"minecraft:cooked_salmon":6,"twilightforest:twilight_oak_planks":64,"minecraft:potion":1,"alexscaves:toxic_paste":1,"minecraft:string":15,"minecraft:iron_shovel":3,"minecraft:paper":27,"minecraft:lily_pad":1,"alexsmobs:acacia_blossom":1,"minecraft:stone_sword":4,"minecraft:bowl":1,"minecraft:iron_boots":3,"alexscaves:cave_codex":1,"minecraft:torchflower_seeds":1,"blue_skies:winter_leaves":4,"supplementaries:quiver":1,"minecraft:diamond_pickaxe":1,"minecraft:spider_eye":6,"minecraft:bamboo":45,"sophisticatedbackpacks:copper_backpack":2,"minecraft:bow":3,"crittersandcompanions:grappling_hook":2,"galosphere:silver_ingot":4,"minecraft:nether_brick_stairs":6,"ecologics:coconut_slice":2,"dungeonnowloading:skull_of_chaos":3,"travelersbackpack:snow":1,"twilightforest:naga_scale":20,"minecraft:cod":3,"biomesoplenty:mahogany_boat":1,"minecraft:cooked_cod":1,"alexscaves:fissile_core":1,"minecraft:gold_ingot":10,"regions_unexplored:joshua_planks":4,"minecraft:music_disc_otherside":1,"alexscaves:radrock":365,"biomesoplenty:mahogany_stairs":16,"regions_unexplored:maple_sapling":2,"minecraft:carrot":3,"minecraft:rabbit_hide":4,"minecraft:leather_chestplate":1,"supplementaries:ash":10,"minecraft:gunpowder":3,"quark:forgotten_hat":1,"aquaculture:iron_fishing_rod":1,"minecraft:iron_bars":1,"minecraft:arrow":16,"minecraft:written_book":5,"iceandfire:silver_pickaxe":1,"minecraft:stone_hoe":2,"minecraft:bread":5,"alexscaves:spelunkery_table":1,"chipped:dark_oak_torch":59,"twilightforest:twilight_oak_sapling":6,"minecraft:acacia_log":1,"alexscaves:rusty_rebar":3,"minecraft:stick":13,"illagerinvasion:platinum_chunk":1,"minecraft:torch":1,"twilightforest:spiral_bricks":5,"tombstone:grave_key":5,"tombstone:book_of_oblivion":1,"minecraft:melon_slice":13,"minecraft:iron_door":3,"minecraft:iron_leggings":5,"sophisticatedbackpacks:crafting_upgrade":2,"aether_redux:zanberry_bush_stem":2,"minecraft:music_disc_cat":1,"minecraft:lapis_block":1,"minecraft:sweet_berries":6,"artifacts:kitty_slippers":1,"minecraft:tuff":2,"betterarcheology:artifact_shards":1,"minecraft:light_gray_wool":6,"delightful:salmonberry_pips":3,"minecraft:filled_map":2,"minecraft:shield":4,"aether:chainmail_gloves":2,"minecraft:iron_chestplate":4,"minecraft:golden_leggings":1,"alexscaves:hazmat_chestplate":1,"minecraft:oak_sapling":2,"minecraft:diamond_boots":2,"minecraft:stone_pickaxe":5,"minecraft:raw_gold":1,"alexscaves:charred_remnant":1,"twilightforest:twilight_oak_log":2},"minecraft:mined":{"minecraft:dark_oak_planks":1,"minecraft:jungle_leaves":3,"minecraft:granite":117,"biomesoplenty:dried_salt":2278,"alexscaves:rusty_rebar":2,"minecraft:spawner":60,"minecraft:tall_seagrass":1,"minecraft:mossy_cobblestone_stairs":1,"minecraft:cobbled_deepslate":3,"minecraft:pumpkin":2,"minecraft:deepslate_lapis_ore":2,"minecraft:nether_brick_stairs":3,"biomesoplenty:glowshroom_block":1,"biomesoplenty:webbing":1,"betterarcheology:loot_vase":1,"quark:red_corundum_cluster":1,"minecraft:piston_head":1,"chipped:dark_oak_wall_torch":1,"minecraft:amethyst_cluster":7,"ironfurnaces:iron_furnace":1,"minecraft:torch":11,"minecraft:note_block":1,"regions_unexplored:glowing_yellow_bioshroom_block":1,"minecraft:oxidized_copper":1,"minecraft:melon":22,"galosphere:silver_ore":12,"chipped:warped_wall_torch":1,"minecraft:cyan_bed":1,"minecraft:sugar_cane":1,"minecraft:amethyst_block":11,"minecraft:chain":1,"minecraft:repeater":1,"minecraft:mud":3,"minecraft:wheat":41,"minecraft:jukebox":1,"minecraft:pitcher_plant":1,"minecraft:stone_brick_stairs":1,"minecraft:grass":233,"biomesoplenty:dead_log":14,"minecraft:smooth_basalt":2,"minecraft:deepslate":688,"regions_unexplored:glistering_sprout":1,"alexscaves:acidic_radrock":1,"iceandfire:silver_ore":6,"minecraft:mossy_cobblestone":10,"alexscaves:radrock":902,"biomesoplenty:desert_grass":5,"minecraft:nether_bricks":12,"minecraft:spruce_fence":2,"biomesoplenty:dead_grass":5,"minecraft:redstone_ore":1,"supplementaries:flax":10,"supplementaries:bamboo_spikes":1,"minecraft:andesite":71,"twilightforest:twilight_oak_leaves":1,"minecraft:big_dripleaf_stem":3,"minecraft:mossy_stone_brick_stairs":5,"minecraft:vine":110,"minecraft:bamboo":16,"alexscaves:scrap_metal":2,"minecraft:redstone_block":2,"minecraft:dandelion":15,"minecraft:emerald_ore":3,"biomesoplenty:mahogany_planks":3,"chipped:carpenters_table":1,"minecraft:copper_ore":58,"minecraft:tall_grass":41,"minecraft:deepslate_gold_ore":4,"minecraft:diorite":16,"alexscaves:geothermal_vent_thin":2,"minecraft:gravel":25,"minecraft:cobweb":28,"minecraft:stone_bricks":29,"minecraft:fern":297,"minecraft:large_amethyst_bud":2,"minecraft:stone_pressure_plate":3,"biomesoplenty:glowshroom":7,"alexscaves:geothermal_vent_medium":5,"minecraft:cobblestone_stairs":1,"minecraft:brewing_stand":1,"alexscaves:geothermal_vent":5,"minecraft:grass_block":35,"alexscaves:sulfur":1,"minecraft:white_concrete":2,"minecraft:smooth_stone":6,"diagonalfences:biomesoplenty/dead_fence":5,"chipped:secret_jungle_door":2,"minecraft:glowstone":1,"biomesoplenty:orange_cosmos":7,"minecraft:iron_ore":39,"alexscaves:rusty_scrap_metal":3,"biomesoplenty:hanging_cobweb":1,"supplementaries:stick":2,"mcwbridges:bridge_torch":7,"minecraft:iron_bars":16,"alexscaves:rusty_scrap_metal_plate":2,"sophisticatedbackpacks:copper_backpack":4,"minecraft:deepslate_redstone_ore":22,"minecraft:jungle_door":3,"minecraft:quartz_block":20,"supplementaries:book_pile":1,"biomesoplenty:hanging_cobweb_strand":1,"minecraft:poppy":10,"minecraft:calcite":4,"alexscaves:radrock_brick_slab":2,"minecraft:mushroom_stem":5,"minecraft:cobblestone":30,"biomesoplenty:mahogany_slab":1,"minecraft:iron_door":4,"minecraft:wall_torch":19,"minecraft:seagrass":2,"lootr:trophy":2,"minecraft:lapis_block":1,"supplementaries:hourglass":5,"chipped:crimson_torch":1,"regions_unexplored:joshua_log":1,"alexscaves:cinder_block":2,"minecraft:sand":1,"minecraft:dirt":92,"alexscaves:unrefined_waste":11,"minecraft:oak_leaves":9,"alexscaves:spelunkery_table":2,"minecraft:tuff":98,"minecraft:deepslate_diamond_ore":25,"alexscaves:sulfur_cluster":2,"biomesoplenty:mahogany_sapling":2,"minecraft:large_fern":2,"alexscaves:radrock_uranium_ore":59,"minecraft:deepslate_brick_slab":1,"minecraft:furnace":3,"minecraft:black_concrete":15,"treechop:chopped_log":22,"alexscaves:radrock_slab":2,"minecraft:bookshelf":4,"minecraft:deepslate_iron_ore":2,"crittersandcompanions:silk_cocoon":2,"minecraft:stone":878,"biomesoplenty:spider_egg":2,"minecraft:podzol":1,"twilightforest:root_strand":1,"biomesoplenty:orange_sand":2,"minecraft:oak_fence":1,"minecraft:crafting_table":10,"alexscaves:radrock_bricks":3,"biomesoplenty:dead_stairs":7,"minecraft:lapis_ore":6,"supplementaries:urn":41,"minecraft:birch_planks":1,"biomesoplenty:dead_slab":6,"biomesoplenty:mahogany_log":9,"alexscaves:waste_drum":19,"biomesoplenty:mahogany_stairs":4,"minecraft:coal_ore":22,"minecraft:cocoa":5,"minecraft:cracked_stone_bricks":10,"minecraft:mossy_stone_bricks":10,"alexscaves:radon_lamp_lime":2,"chipped:acacia_torch":4,"alexscaves:scrap_metal_plate":2},"minecraft:broken":{"minecraft:diamond_helmet":1,"minecraft:iron_boots":1,"minecraft:iron_chestplate":1,"minecraft:iron_leggings":2,"minecraft:iron_sword":1,"quark:forgotten_hat":3,"minecraft:shield":1,"aether:leather_gloves":1,"minecraft:stone_pickaxe":19,"minecraft:stone_axe":1,"minecraft:wooden_axe":1},"minecraft:killed_by":{"minecraft:player":1},"minecraft:picked_up":{"minecraft:iron_chestplate":6,"alexscaves:waste_drum":21,"minecraft:chainmail_boots":1,"quark:orange_corundum":2,"minecraft:lead":4,"alexscaves:unrefined_waste":8,"regions_unexplored:glistering_sprout":3,"minecraft:brown_bed":1,"minecraft:enchanted_book":8,"minecraft:infested_stone":19,"minecraft:brewing_stand":1,"crittersandcompanions:grappling_hook":3,"minecraft:amethyst_block":11,"minecraft:music_disc_cat":3,"minecraft:string":46,"alexscaves:radon_lamp_lime":2,"minecraft:cooked_salmon":7,"minecraft:pufferfish":1,"illagerinvasion:platinum_infused_hatchet":2,"minecraft:cobbled_deepslate":652,"alexsmobs:emu_feather":1,"minecraft:gold_nugget":10,"supplementaries:hourglass":5,"mcwbridges:bridge_torch":8,"minecraft:written_book":5,"alexscaves:cinder_block":2,"minecraft:melon_slice":120,"wstweaks:fragment":23,"minecraft:golden_helmet":1,"minecraft:jukebox":1,"minecraft:big_dripleaf":10,"minecraft:acacia_log":11,"minecraft:golden_axe":1,"minecraft:stone_sword":4,"farmersdelight:onion":1,"aether:chainmail_gloves":1,"supplementaries:quiver":2,"supplementaries:ash":243,"delightful:cantaloupe_seeds":3,"minecraft:iron_bars":20,"chipped:warped_torch":1,"minecraft:feather":1,"minecraft:cooked_beef":3,"minecraft:iron_door":6,"biomesoplenty:dried_salt":2000,"minecraft:jungle_log":26,"biomesoplenty:dead_log":111,"alexscaves:rusty_scrap_metal":2,"lootr:trophy":2,"twilightforest:canopy_sapling":6,"supplementaries:cartographers_quill":1,"minecraft:diamond_helmet":1,"minecraft:glowstone_dust":4,"galosphere:raw_silver":12,"biomesoplenty:mahogany_planks":145,"alexscaves:rusty_scrap_metal_plate":1,"regions_unexplored:bamboo_log":11,"twilightforest:canopy_log":46,"alexsmobs:animal_dictionary":2,"minecraft:bundle":3,"supplementaries:bamboo_spikes":1,"minecraft:deepslate":2,"minecraft:granite":117,"minecraft:chainmail_helmet":1,"minecraft:bread":14,"alexsmobs:maggot":1,"iceandfire:raw_silver":7,"minecraft:diamond_pickaxe":1,"iceandfire:dragon_skull_lightning":3,"minecraft:crafting_table":11,"iceandfire:witherbone":10,"minecraft:leather_leggings":2,"minecraft:infested_cobblestone":26,"minecraft:iron_shovel":4,"dungeonnowloading:spawner_fragment":251,"minecraft:cracked_stone_bricks":7,"minecraft:music_disc_otherside":3,"aquaculture:diamond_fishing_rod":1,"twilightforest:naga_scale":19,"minecraft:poppy":10,"minecraft:jungle_sapling":4,"minecraft:iron_nugget":10,"minecraft:minecart":1,"alexscaves:hazmat_chestplate":1,"minecraft:piston":1,"twilightforest:armor_shard":8,"minecraft:egg":4,"quark:orange_corundum_cluster":2,"alexscaves:radrock_bricks":3,"sophisticatedbackpacks:crafting_upgrade":2,"alexscaves:geothermal_vent":4,"sophisticatedbackpacks:backpack":1,"minecraft:spruce_fence":1,"quark:jungle_chest":1,"blue_skies:winter_leaves":20,"iceandfire:armor_copper_metal_boots":1,"minecraft:carrot":5,"minecraft:redstone":112,"twilightforest:firefly":1,"travelersbackpack:snow":2,"chipped:secret_jungle_door":2,"regions_unexplored:joshua_log":1,"minecraft:shears":1,"minecraft:diamond_boots":2,"aquaculture:carp":1,"dungeonnowloading:skull_of_chaos":3,"tombstone:essence_of_undeath":4,"minecraft:gold_ingot":9,"sophisticatedbackpacks:copper_backpack":8,"minecraft:glow_berries":5,"minecraft:mutton":14,"minecraft:bone_block":8,"minecraft:white_wool":12,"biomesoplenty:orange_sand":6,"alexscaves:sulfur_dust":9,"alexsmobs:acacia_blossom":1,"biomesoplenty:dead_stairs":7,"minecraft:filled_map":2,"minecraft:lily_pad":3,"iceandfire:armor_copper_metal_helmet":1,"alexscaves:charred_remnant":1,"alexscaves:radon_lamp_white":1,"minecraft:paper":13,"minecraft:white_banner":1,"tombstone:gift":2,"biomesoplenty:glowing_moss_carpet":1,"biomesoplenty:mahogany_slab":5,"minecraft:apple":2,"minecraft:stone_bricks":24,"alexscaves:radrock_brick_slab":2,"alexscaves:green_soylent":3,"minecraft:stone_pickaxe":6,"minecraft:cobweb":22,"tombstone:bag_of_seeds":3,"minecraft:glass_bottle":2,"minecraft:iron_sword":2,"minecraft:smooth_basalt":2,"minecraft:torchflower_seeds":2,"minecraft:gravel":25,"biomesoplenty:mahogany_log":288,"minecraft:slime_ball":2,"minecraft:stone_axe":4,"minecraft:gray_wool":2,"alexscaves:cave_map":1,"minecraft:baked_potato":3,"twilightforest:spiral_bricks":10,"minecraft:ender_pearl":7,"minecraft:wheat":70,"alexscaves:radgill":6,"illagerinvasion:platinum_chunk":2,"minecraft:redstone_block":1,"iceandfire:armor_copper_metal_chestplate":1,"alexscaves:cave_tablet":2,"minecraft:stone_brick_stairs":1,"tombstone:grave_key":2,"minecraft:lapis_block":1,"minecraft:raw_copper":217,"alexscaves:acidic_radrock":1,"blue_skies:solnut":3,"minecraft:iron_leggings":8,"minecraft:zombie_head":3,"biomesoplenty:dead_sapling":4,"minecraft:smooth_stone":2,"regions_unexplored:bamboo_sapling":1,"alexsmobs:banana":1,"minecraft:bucket":2,"minecraft:ender_eye":7,"minecraft:calcite":4,"minecraft:iron_pickaxe":2,"delightful:green_tea_leaf":9,"biomesoplenty:dead_slab":12,"minecraft:iron_boots":6,"minecraft:furnace":4,"minecraft:tipped_arrow":7,"iceandfire:pixie_dust":1,"minecraft:stick":62,"minecraft:jungle_door":3,"minecraft:oak_fence":1,"minecraft:torch":90,"ecologics:coconut_seedling":4,"tombstone:book_of_oblivion":2,"quark:yellow_corundum_cluster":2,"minecraft:porkchop":3,"tombstone:grave_dust":37,"minecraft:pointed_dripstone":19,"minecraft:diorite":13,"biomesoplenty:mahogany_fence":5,"supplementaries:flax":2,"tombstone:lollipop":7,"quark:ancient_tome":1,"mutantmonsters:hulk_hammer":1,"ironchest:diamond_to_obsidian_chest_upgrade":1,"minecraft:quartz_block":11,"minecraft:rotten_flesh":96,"biomesoplenty:mahogany_sapling":51,"ecologics:coconut_log":5,"supplementaries:antique_ink":4,"biomesoplenty:orange_cosmos":8,"minecraft:cod":6,"minecraft:cobblestone":841,"twilightforest:twilight_oak_log":2,"minecraft:andesite":62,"twilightforest:twilight_oak_wood":19,"minecraft:golden_leggings":1,"biomesoplenty:glowshroom":7,"minecraft:potato":4,"paraglider:spirit_orb":106,"minecraft:tuff":100,"biomesoplenty:mahogany_boat":10,"supplementaries:flax_seeds":24,"minecraft:lapis_lazuli":52,"minecraft:dirt":134,"chipped:crimson_torch":1,"minecraft:name_tag":1,"minecraft:bone":146,"alexscaves:toxic_paste":2,"minecraft:bow":3,"minecraft:wheat_seeds":272,"stalwart_dungeons:iron_hammer":1,"minecraft:deepslate_brick_slab":1,"minecraft:raw_gold":33,"minecraft:mossy_stone_bricks":8,"minecraft:bamboo":47,"ironfurnaces:iron_furnace":1,"minecraft:stone_hoe":2,"minecraft:mossy_stone_brick_stairs":6,"minecraft:music_disc_13":1,"betterarcheology:artifact_shards":1,"alexscaves:uranium":93,"minecraft:sand":1,"minecraft:nether_brick_stairs":6,"minecraft:cyan_bed":1,"minecraft:mossy_cobblestone":4,"galosphere:silver_nugget":2,"alexscaves:radon_bottle":3,"minecraft:jungle_leaves":1,"chipped:carpenters_table":1,"twilightforest:twilight_oak_sapling":12,"minecraft:sugar":2,"minecraft:diamond":71,"minecraft:black_concrete":14,"ironchest:diamond_to_crystal_chest_upgrade":1,"minecraft:bone_meal":1,"minecraft:white_concrete":1,"biomesoplenty:dead_fence":5,"minecraft:emerald":21,"minecraft:oak_sapling":2,"minecraft:netherrack":3,"twilightforest:torchberries":8,"nethersdelight:hoglin_loin":4,"more_bows_and_arrows:amethyst_bow":2,"minecraft:charcoal":39,"minecraft:cocoa_beans":18,"minecraft:chicken":3,"minecraft:brown_mushroom":2,"minecraft:chain":1,"minecraft:shield":4,"graveyard:corruption":4,"aether_redux:zanberry_bush_stem":1,"minecraft:candle":2,"aquaculture:bluegill":1,"biomesoplenty:black_sand":1,"minecraft:light_gray_wool":6,"biomesoplenty:wildflower":2,"minecraft:sugar_cane":2,"farmersdelight:golden_knife":2,"crittersandcompanions:clam":3,"minecraft:raw_iron":103,"iceandfire:dragonbone":33,"ecologics:coconut_slice":14,"minecraft:copper_ingot":1,"minecraft:note_block":1,"aquaculture:perch":1,"alexscaves:radrock_slab":2,"minecraft:stone_pressure_plate":6,"minecraft:dark_oak_planks":2,"artifacts:snorkel":1,"minecraft:arrow":138,"regions_unexplored:maple_sapling":1,"minecraft:nether_bricks":15,"crittersandcompanions:silk":8,"alexscaves:spelunkery_table":2,"biomesoplenty:mahogany_stairs":12,"iceandfire:silver_axe":1,"minecraft:glow_ink_sac":4,"minecraft:salmon":15,"regions_unexplored:joshua_planks":2,"minecraft:leather":11,"alexscaves:rusty_rebar":3,"iceandfire:ectoplasm":5,"minecraft:gunpowder":12,"minecraft:cobblestone_stairs":1,"quark:forgotten_hat":5,"quark:music_disc_crickets":1,"minecraft:rabbit_hide":4,"alexscaves:radrock":747,"minecraft:iron_ingot":16,"minecraft:acacia_sapling":4,"blue_skies:winter_leaf_seeds":20,"minecraft:book":12,"delightful:salmonberry_pips":3,"minecraft:pitcher_plant":2,"farmersdelight:steak_and_potatoes":1,"minecraft:pumpkin":2,"alexscaves:fissile_core":3,"minecraft:dandelion":15,"minecraft:amethyst_shard":24,"artifacts:scarf_of_invisibility":2,"minecraft:spider_eye":17,"alexsmobs:raw_catfish":1,"iceandfire:silver_pickaxe":1,"minecraft:chainmail_leggings":2,"minecraft:iron_helmet":4,"minecraft:mossy_cobblestone_stairs":1,"chipped:dark_oak_torch":61,"tombstone:magic_scroll":3,"chipped:acacia_torch":4,"minecraft:coal":115}},"DataVersion":3465}