{"stats":{"minecraft:crafted":{"minecraft:fishing_rod":1,"minecraft:crafting_table":1,"minecraft:iron_sword":1,"regions_unexplored:redwood_wood":3,"regions_unexplored:redwood_planks":8},"minecraft:used":{"iceandfire:armor_copper_metal_leggings":1,"minecraft:baked_potato":1,"minecraft:shield":5,"minecraft:iron_sword":63,"tombstone:lollipop":3,"minecraft:iron_chestplate":1,"minecraft:torch":3,"iceandfire:armor_copper_metal_boots":1,"minecraft:crafting_table":1,"iceandfire:silver_axe":39,"minecraft:apple":3,"iceandfire:armor_copper_metal_chestplate":1,"minecraft:bread":18,"minecraft:iron_axe":1,"minecraft:melon_slice":20,"minecraft:iron_pickaxe":4,"minecraft:iron_helmet":1,"minecraft:iron_boots":1,"minecraft:stone_axe":3,"biomesoplenty:mahogany_boat":1,"minecraft:fishing_rod":34,"minecraft:sweet_berries":16,"minecraft:cooked_cod":1,"iceandfire:armor_copper_metal_helmet":1,"alexsmobs:animal_dictionary":2,"minecraft:pointed_dripstone":2,"minecraft:iron_leggings":1},"minecraft:killed":{"minecraft:cave_spider":1,"minecraft:spider":2,"minecraft:skeleton":2,"iceandfire:ghost":2,"illagerinvasion:provoker":2,"minecraft:silverfish":4,"minecraft:player":1},"minecraft:custom":{"minecraft:interact_with_furnace":1,"lootr:looted_stat":24,"minecraft:inspect_dropper":1,"minecraft:interact_with_anvil":3,"minecraft:mob_kills":14,"tombstone:raider_killed":2,"minecraft:interact_with_crafting_table":5,"minecraft:interact_with_loom":5,"minecraft:leave_game":1,"minecraft:time_since_death":108294,"minecraft:sleep_in_bed":1,"minecraft:climb_one_cm":6485,"minecraft:time_since_rest":107976,"minecraft:sprint_one_cm":106590,"minecraft:damage_absorbed":80,"minecraft:damage_taken":3432,"minecraft:walk_one_cm":485392,"minecraft:damage_blocked_by_shield":210,"minecraft:drop":44,"tombstone:eaten_lollipop":3,"minecraft:damage_dealt":2624,"minecraft:swim_one_cm":4219,"minecraft:fly_one_cm":33671,"minecraft:open_chest":20,"minecraft:crouch_one_cm":1395,"minecraft:play_time":161456,"tombstone:undead_killed":4,"minecraft:deaths":3,"minecraft:sneak_time":253,"minecraft:walk_under_water_one_cm":6250,"minecraft:boat_one_cm":201599,"minecraft:jump":542,"minecraft:walk_on_water_one_cm":39304,"minecraft:total_world_time":161456,"minecraft:interact_with_smoker":3,"minecraft:fish_caught":16,"minecraft:fall_one_cm":14914,"minecraft:inspect_dispenser":1},"minecraft:dropped":{"biomesoplenty:mahogany_log":7,"minecraft:mossy_cobblestone":12,"minecraft:pointed_dripstone":21,"dungeonnowloading:skull_of_chaos":2,"minecraft:cobblestone":20,"regions_unexplored:redwood_wood":3,"minecraft:mossy_stone_brick_stairs":2,"regions_unexplored:redwood_planks":4,"minecraft:copper_ingot":1,"regions_unexplored:redwood_sapling":2,"minecraft:pufferfish":1,"minecraft:cobweb":7,"minecraft:tipped_arrow":5,"supplementaries:cartographers_quill":1,"tombstone:grave_key":3,"regions_unexplored:redwood_log":5,"minecraft:oak_sapling":2,"minecraft:stone_pressure_plate":3,"minecraft:bamboo":3,"minecraft:spider_eye":1,"biomesoplenty:mahogany_sapling":1,"minecraft:mossy_cobblestone_stairs":2,"minecraft:paper":6,"crittersandcompanions:grappling_hook":2,"minecraft:bone":1},"minecraft:mined":{"minecraft:carved_pumpkin":1,"minecraft:crafting_table":1,"minecraft:melon":1,"minecraft:tall_grass":1,"biomesoplenty:sprout":1,"minecraft:big_dripleaf":2,"minecraft:seagrass":1,"minecraft:mossy_stone_brick_stairs":1,"minecraft:grass":11,"minecraft:pointed_dripstone":1,"minecraft:vine":7,"minecraft:cocoa":1,"minecraft:iron_bars":2,"minecraft:cracked_stone_bricks":1,"regions_unexplored:medium_grass":2,"minecraft:tripwire_hook":1,"regions_unexplored:redwood_log":1,"minecraft:fern":4},"minecraft:broken":{"minecraft:stone_axe":1,"iceandfire:silver_axe":1},"minecraft:picked_up":{"iceandfire:silver_axe":1,"minecraft:cocoa_beans":7,"minecraft:crafting_table":1,"minecraft:iron_chestplate":1,"minecraft:redstone_block":1,"minecraft:repeater":2,"minecraft:tripwire_hook":1,"iceandfire:armor_copper_metal_chestplate":1,"alexscaves:cave_tablet":4,"paraglider:spirit_orb":4,"biomesoplenty:mahogany_boat":2,"tombstone:grave_key":1,"iceandfire:armor_copper_metal_helmet":1,"crittersandcompanions:grappling_hook":3,"minecraft:string":3,"minecraft:paper":6,"minecraft:iron_leggings":1,"minecraft:leather_boots":1,"minecraft:pufferfish":1,"minecraft:bone":4,"dungeonnowloading:spawner_fragment":6,"minecraft:wheat_seeds":3,"aquaculture:bluegill":1,"regions_unexplored:redwood_sapling":2,"minecraft:observer":1,"minecraft:mossy_stone_bricks":2,"aquaculture:minnow":1,"regions_unexplored:redwood_planks":4,"minecraft:melon_slice":20,"minecraft:stone_hoe":1,"minecraft:mossy_stone_brick_stairs":2,"regions_unexplored:redwood_log":75,"minecraft:iron_boots":1,"aquaculture:smallmouth_bass":1,"minecraft:stick":16,"iceandfire:armor_copper_metal_leggings":1,"minecraft:copper_ingot":1,"minecraft:torch":4,"aquaculture:perch":2,"minecraft:pointed_dripstone":23,"tombstone:grave_dust":1,"iceandfire:armor_copper_metal_boots":1,"minecraft:redstone":2,"minecraft:spider_eye":1,"minecraft:mossy_cobblestone":16,"minecraft:stone_pressure_plate":3,"tombstone:lollipop":3,"minecraft:arrow":6,"biomesoplenty:mahogany_log":7,"minecraft:rotten_flesh":1,"minecraft:cooked_cod":1,"minecraft:stone_axe":1,"biomesoplenty:mahogany_sapling":2,"aether:chainmail_gloves":1,"minecraft:iron_helmet":1,"dungeonnowloading:skull_of_chaos":2,"minecraft:carved_pumpkin":1,"aquaculture:carp":2,"minecraft:mossy_cobblestone_stairs":2,"minecraft:bread":10,"minecraft:emerald":2,"minecraft:oak_sapling":2,"minecraft:cod":7,"minecraft:cobblestone":21}},"DataVersion":3465}