{"stats":{"minecraft:crafted":{"minecraft:fishing_rod":1,"regions_unexplored:redwood_fence":3,"minecraft:stone":4,"regions_unexplored:redwood_wood":3,"minecraft:flint_and_steel":1,"minecraft:iron_boots":1,"minecraft:cooked_cod":3,"minecraft:crafting_table":2,"minecraft:iron_sword":1,"minecraft:cooked_salmon":2,"minecraft:bread":3,"regions_unexplored:redwood_planks":8,"minecraft:diamond_pickaxe":1,"minecraft:stick":40,"regions_unexplored:redwood_fence_gate":1,"minecraft:diamond_chestplate":1},"minecraft:used":{"minecraft:flint_and_steel":2,"iceandfire:armor_copper_metal_leggings":1,"minecraft:shield":14,"minecraft:stone":1,"minecraft:iron_sword":73,"tombstone:lollipop":3,"minecraft:iron_chestplate":1,"minecraft:torch":15,"iceandfire:armor_copper_metal_boots":1,"minecraft:granite":1,"minecraft:iron_axe":5,"minecraft:iron_helmet":1,"minecraft:iron_boots":1,"minecraft:diamond_chestplate":1,"minecraft:sweet_berries":16,"iceandfire:armor_copper_metal_helmet":1,"minecraft:cooked_cod":3,"tombstone:gift":2,"minecraft:cooked_beef":5,"minecraft:iron_leggings":1,"minecraft:pointed_dripstone":2,"minecraft:wheat_seeds":7,"minecraft:baked_potato":6,"minecraft:golden_apple":1,"minecraft:crafting_table":2,"iceandfire:silver_axe":39,"regions_unexplored:redwood_fence_gate":1,"regions_unexplored:redwood_fence":3,"iceandfire:armor_copper_metal_chestplate":1,"minecraft:apple":3,"minecraft:diamond_shovel":14,"minecraft:melon_slice":20,"minecraft:bread":24,"minecraft:iron_pickaxe":120,"biomesoplenty:mahogany_boat":1,"minecraft:stone_axe":3,"minecraft:fishing_rod":58,"minecraft:diamond_sword":78,"minecraft:cobblestone":3,"alexsmobs:animal_dictionary":2,"minecraft:experience_bottle":34},"minecraft:killed":{"minecraft:cave_spider":1,"minecraft:spider":7,"minecraft:skeleton":3,"illagerinvasion:provoker":2,"minecraft:silverfish":4,"minecraft:bat":1,"tinyskeletons:baby_skeleton":1,"minecraft:zombie":3,"iceandfire:ghost":2,"minecraft:wither_skeleton":2,"minecraft:player":1},"minecraft:custom":{"lootr:looted_stat":44,"minecraft:inspect_dropper":1,"minecraft:mob_kills":28,"minecraft:interact_with_anvil":14,"minecraft:interact_with_crafting_table":16,"minecraft:leave_game":1,"minecraft:time_since_death":204294,"minecraft:climb_one_cm":11583,"minecraft:sprint_one_cm":168377,"minecraft:walk_one_cm":706020,"minecraft:damage_blocked_by_shield":820,"minecraft:drop":89,"tombstone:eaten_lollipop":3,"minecraft:play_time":257456,"minecraft:deaths":3,"minecraft:sneak_time":378,"minecraft:walk_under_water_one_cm":9349,"minecraft:boat_one_cm":231126,"minecraft:jump":734,"minecraft:interact_with_blast_furnace":3,"minecraft:walk_on_water_one_cm":46527,"minecraft:total_world_time":257456,"minecraft:interact_with_furnace":5,"tombstone:raider_killed":2,"minecraft:interact_with_loom":6,"minecraft:sleep_in_bed":2,"minecraft:time_since_rest":17280,"minecraft:damage_taken":4531,"minecraft:damage_absorbed":120,"minecraft:damage_dealt":4867,"minecraft:swim_one_cm":4219,"minecraft:fly_one_cm":44313,"minecraft:open_chest":116,"minecraft:crouch_one_cm":1717,"tombstone:undead_killed":11,"minecraft:interact_with_smoker":9,"minecraft:fish_caught":30,"minecraft:fall_one_cm":19065,"minecraft:inspect_dispenser":1},"minecraft:dropped":{"biomesoplenty:mahogany_log":7,"minecraft:mossy_cobblestone":12,"dungeonnowloading:skull_of_chaos":2,"minecraft:iron_helmet":2,"minecraft:cobblestone":26,"regions_unexplored:redwood_wood":3,"minecraft:granite":6,"minecraft:mossy_stone_brick_stairs":2,"minecraft:copper_ingot":1,"regions_unexplored:redwood_sapling":2,"minecraft:pufferfish":1,"minecraft:cobweb":7,"tombstone:grave_key":3,"regions_unexplored:redwood_log":5,"regions_unexplored:glistering_sprout":2,"minecraft:iron_leggings":1,"minecraft:mossy_cobblestone_stairs":2,"minecraft:paper":6,"minecraft:bone":1,"minecraft:gravel":2,"blue_skies:winter_leaf_seeds":7,"minecraft:iron_nugget":8,"minecraft:pointed_dripstone":21,"regions_unexplored:redwood_planks":4,"minecraft:filled_map":6,"minecraft:diamond_sword":1,"minecraft:tipped_arrow":5,"minecraft:stone":14,"supplementaries:cartographers_quill":1,"aether:iron_gloves":2,"minecraft:bundle":2,"minecraft:quartz_block":1,"minecraft:mossy_stone_bricks":1,"minecraft:golden_leggings":1,"minecraft:oak_sapling":2,"minecraft:stone_pressure_plate":3,"minecraft:spider_eye":1,"minecraft:bamboo":3,"minecraft:iron_bars":2,"biomesoplenty:mahogany_sapling":1,"crittersandcompanions:grappling_hook":2},"minecraft:mined":{"minecraft:mossy_cobblestone":2,"minecraft:carved_pumpkin":1,"minecraft:granite":15,"minecraft:spawner":1,"diagonalfences:regions_unexplored/redwood_fence":1,"minecraft:mossy_stone_brick_stairs":3,"minecraft:pointed_dripstone":1,"minecraft:vine":9,"minecraft:iron_bars":4,"regions_unexplored:medium_grass":2,"minecraft:stone":75,"regions_unexplored:redwood_log":1,"minecraft:quartz_block":1,"minecraft:crafting_table":1,"minecraft:melon":1,"minecraft:tall_grass":1,"minecraft:cobblestone":1,"biomesoplenty:sprout":1,"biomesoplenty:mahogany_slab":3,"minecraft:big_dripleaf":2,"minecraft:seagrass":1,"minecraft:wheat":10,"minecraft:stone_brick_stairs":1,"minecraft:grass":11,"minecraft:cocoa":1,"minecraft:gravel":5,"minecraft:dirt":14,"minecraft:cracked_stone_bricks":5,"minecraft:tripwire_hook":1,"minecraft:stone_bricks":3,"minecraft:mossy_stone_bricks":2,"blue_skies:winter_leaves":6,"minecraft:fern":4},"minecraft:broken":{"minecraft:leather_boots":1,"minecraft:stone_axe":1,"iceandfire:silver_axe":1},"minecraft:picked_up":{"minecraft:cocoa_beans":7,"minecraft:iron_chestplate":1,"minecraft:crafting_table":1,"minecraft:wheat":10,"minecraft:redstone_block":1,"aquaculture:catfish":1,"minecraft:diamond_sword":1,"aether:iron_gloves":2,"iceandfire:armor_copper_metal_chestplate":1,"alexscaves:cave_tablet":4,"regions_unexplored:glistering_sprout":2,"minecraft:stone_brick_stairs":1,"tombstone:grave_key":1,"crittersandcompanions:grappling_hook":3,"minecraft:string":7,"minecraft:iron_leggings":1,"minecraft:pufferfish":2,"dungeonnowloading:spawner_fragment":6,"aquaculture:bluegill":3,"minecraft:observer":1,"minecraft:iron_nugget":3,"regions_unexplored:redwood_planks":68,"minecraft:melon_slice":20,"crittersandcompanions:clam":1,"minecraft:iron_boots":1,"regions_unexplored:redwood_log":75,"minecraft:stick":16,"minecraft:stone":11,"iceandfire:armor_copper_metal_leggings":1,"minecraft:copper_ingot":1,"minecraft:torch":5,"aquaculture:perch":2,"blue_skies:winter_leaves":14,"tombstone:grave_dust":5,"minecraft:pointed_dripstone":23,"iceandfire:armor_copper_metal_boots":1,"minecraft:redstone":2,"aquaculture:iron_fishing_rod":1,"minecraft:stone_pressure_plate":3,"tombstone:lollipop":3,"minecraft:quartz_block":2,"minecraft:arrow":6,"minecraft:rotten_flesh":1,"minecraft:cooked_cod":1,"minecraft:nether_bricks":1,"biomesoplenty:mahogany_sapling":2,"aether:chainmail_gloves":1,"minecraft:carved_pumpkin":1,"aquaculture:carp":2,"dungeonnowloading:skull_of_chaos":2,"minecraft:iron_bars":2,"minecraft:cod":10,"minecraft:cobblestone":30,"aquaculture:lockbox":1,"iceandfire:silver_axe":1,"minecraft:repeater":2,"minecraft:tripwire_hook":1,"minecraft:salmon":2,"minecraft:filled_map":6,"paraglider:spirit_orb":6,"biomesoplenty:mahogany_boat":2,"iceandfire:armor_copper_metal_helmet":1,"aquaculture:rainbow_trout":1,"minecraft:paper":6,"tombstone:gift":1,"minecraft:leather_boots":1,"minecraft:bone":4,"minecraft:wheat_seeds":23,"regions_unexplored:redwood_sapling":2,"aquaculture:minnow":2,"minecraft:mossy_stone_bricks":3,"minecraft:stone_hoe":1,"minecraft:mossy_stone_brick_stairs":2,"blue_skies:winter_leaf_seeds":5,"aquaculture:smallmouth_bass":2,"minecraft:gravel":2,"minecraft:spider_eye":1,"minecraft:mossy_cobblestone":16,"minecraft:bundle":2,"biomesoplenty:mahogany_log":7,"minecraft:stone_axe":1,"minecraft:iron_helmet":3,"minecraft:granite":7,"minecraft:mossy_cobblestone_stairs":3,"minecraft:emerald":2,"minecraft:bread":10,"minecraft:oak_sapling":2}},"DataVersion":3465}