{"stats":{"minecraft:crafted":{"minecraft:fishing_rod":1,"regions_unexplored:redwood_wood":3,"minecraft:flint_and_steel":1,"minecraft:iron_boots":1,"minecraft:crafting_table":1,"minecraft:iron_sword":1,"regions_unexplored:redwood_planks":8,"minecraft:diamond_pickaxe":1,"minecraft:stick":32,"minecraft:diamond_chestplate":1},"minecraft:used":{"minecraft:flint_and_steel":2,"iceandfire:armor_copper_metal_leggings":1,"minecraft:shield":14,"minecraft:iron_sword":73,"tombstone:lollipop":3,"minecraft:iron_chestplate":1,"minecraft:torch":15,"iceandfire:armor_copper_metal_boots":1,"minecraft:granite":1,"minecraft:iron_axe":4,"minecraft:iron_helmet":1,"minecraft:iron_boots":1,"minecraft:diamond_chestplate":1,"minecraft:sweet_berries":16,"iceandfire:armor_copper_metal_helmet":1,"minecraft:cooked_cod":1,"tombstone:gift":2,"minecraft:cooked_beef":5,"minecraft:iron_leggings":1,"minecraft:pointed_dripstone":2,"minecraft:baked_potato":6,"minecraft:golden_apple":1,"minecraft:crafting_table":1,"iceandfire:silver_axe":39,"iceandfire:armor_copper_metal_chestplate":1,"minecraft:apple":3,"minecraft:diamond_shovel":14,"minecraft:melon_slice":20,"minecraft:bread":24,"minecraft:iron_pickaxe":120,"biomesoplenty:mahogany_boat":1,"minecraft:stone_axe":3,"minecraft:fishing_rod":34,"minecraft:diamond_sword":78,"minecraft:cobblestone":3,"alexsmobs:animal_dictionary":2},"minecraft:killed":{"minecraft:cave_spider":1,"minecraft:spider":7,"minecraft:skeleton":3,"illagerinvasion:provoker":2,"minecraft:silverfish":4,"minecraft:bat":1,"tinyskeletons:baby_skeleton":1,"minecraft:zombie":3,"iceandfire:ghost":2,"minecraft:wither_skeleton":2,"minecraft:player":1},"minecraft:custom":{"lootr:looted_stat":44,"minecraft:inspect_dropper":1,"minecraft:mob_kills":28,"minecraft:interact_with_anvil":10,"minecraft:interact_with_crafting_table":11,"minecraft:leave_game":1,"minecraft:time_since_death":168294,"minecraft:climb_one_cm":11583,"minecraft:sprint_one_cm":153834,"minecraft:walk_one_cm":654043,"minecraft:damage_blocked_by_shield":820,"minecraft:drop":76,"tombstone:eaten_lollipop":3,"minecraft:play_time":221456,"minecraft:deaths":3,"minecraft:sneak_time":378,"minecraft:walk_under_water_one_cm":8881,"minecraft:boat_one_cm":201599,"minecraft:jump":682,"minecraft:interact_with_blast_furnace":3,"minecraft:walk_on_water_one_cm":45821,"minecraft:total_world_time":221456,"minecraft:interact_with_furnace":2,"tombstone:raider_killed":2,"minecraft:interact_with_loom":6,"minecraft:sleep_in_bed":1,"minecraft:time_since_rest":167976,"minecraft:damage_taken":4466,"minecraft:damage_absorbed":120,"minecraft:damage_dealt":4867,"minecraft:swim_one_cm":4219,"minecraft:fly_one_cm":41794,"minecraft:open_chest":86,"minecraft:crouch_one_cm":1717,"tombstone:undead_killed":11,"minecraft:interact_with_smoker":4,"minecraft:fish_caught":16,"minecraft:fall_one_cm":19065,"minecraft:inspect_dispenser":1},"minecraft:dropped":{"biomesoplenty:mahogany_log":7,"minecraft:mossy_cobblestone":12,"dungeonnowloading:skull_of_chaos":2,"minecraft:iron_helmet":2,"minecraft:cobblestone":26,"regions_unexplored:redwood_wood":3,"minecraft:granite":6,"minecraft:mossy_stone_brick_stairs":2,"minecraft:copper_ingot":1,"regions_unexplored:redwood_sapling":2,"minecraft:pufferfish":1,"minecraft:cobweb":7,"tombstone:grave_key":3,"regions_unexplored:redwood_log":5,"regions_unexplored:glistering_sprout":2,"minecraft:iron_leggings":1,"minecraft:mossy_cobblestone_stairs":2,"minecraft:paper":6,"minecraft:bone":1,"minecraft:gravel":2,"blue_skies:winter_leaf_seeds":7,"minecraft:pointed_dripstone":21,"regions_unexplored:redwood_planks":4,"minecraft:filled_map":6,"minecraft:tipped_arrow":5,"supplementaries:cartographers_quill":1,"aether:iron_gloves":2,"minecraft:bundle":2,"minecraft:quartz_block":1,"minecraft:mossy_stone_bricks":1,"minecraft:golden_leggings":1,"minecraft:oak_sapling":2,"minecraft:stone_pressure_plate":3,"minecraft:spider_eye":1,"minecraft:bamboo":3,"minecraft:iron_bars":2,"biomesoplenty:mahogany_sapling":1,"crittersandcompanions:grappling_hook":2},"minecraft:mined":{"minecraft:mossy_cobblestone":2,"minecraft:carved_pumpkin":1,"minecraft:granite":15,"minecraft:spawner":1,"minecraft:mossy_stone_brick_stairs":3,"minecraft:pointed_dripstone":1,"minecraft:vine":9,"minecraft:iron_bars":4,"regions_unexplored:medium_grass":2,"minecraft:stone":75,"regions_unexplored:redwood_log":1,"minecraft:quartz_block":1,"minecraft:crafting_table":1,"minecraft:melon":1,"minecraft:tall_grass":1,"minecraft:cobblestone":1,"biomesoplenty:sprout":1,"biomesoplenty:mahogany_slab":3,"minecraft:big_dripleaf":2,"minecraft:seagrass":1,"minecraft:stone_brick_stairs":1,"minecraft:grass":11,"minecraft:cocoa":1,"minecraft:gravel":5,"minecraft:dirt":14,"minecraft:cracked_stone_bricks":5,"minecraft:tripwire_hook":1,"minecraft:stone_bricks":3,"minecraft:mossy_stone_bricks":2,"minecraft:fern":4},"minecraft:broken":{"minecraft:leather_boots":1,"minecraft:stone_axe":1,"iceandfire:silver_axe":1},"minecraft:picked_up":{"minecraft:cocoa_beans":7,"minecraft:iron_chestplate":1,"minecraft:crafting_table":1,"minecraft:redstone_block":1,"aether:iron_gloves":2,"iceandfire:armor_copper_metal_chestplate":1,"alexscaves:cave_tablet":4,"regions_unexplored:glistering_sprout":2,"minecraft:stone_brick_stairs":1,"tombstone:grave_key":1,"crittersandcompanions:grappling_hook":3,"minecraft:string":7,"minecraft:iron_leggings":1,"minecraft:pufferfish":1,"dungeonnowloading:spawner_fragment":6,"aquaculture:bluegill":1,"minecraft:observer":1,"regions_unexplored:redwood_planks":4,"minecraft:melon_slice":20,"minecraft:iron_boots":1,"regions_unexplored:redwood_log":75,"minecraft:stick":16,"iceandfire:armor_copper_metal_leggings":1,"minecraft:copper_ingot":1,"minecraft:torch":5,"aquaculture:perch":2,"tombstone:grave_dust":5,"minecraft:pointed_dripstone":23,"iceandfire:armor_copper_metal_boots":1,"minecraft:redstone":2,"minecraft:stone_pressure_plate":3,"tombstone:lollipop":3,"minecraft:quartz_block":2,"minecraft:arrow":6,"minecraft:rotten_flesh":1,"minecraft:cooked_cod":1,"minecraft:nether_bricks":1,"biomesoplenty:mahogany_sapling":2,"aether:chainmail_gloves":1,"minecraft:carved_pumpkin":1,"aquaculture:carp":2,"dungeonnowloading:skull_of_chaos":2,"minecraft:iron_bars":2,"minecraft:cod":7,"minecraft:cobblestone":30,"iceandfire:silver_axe":1,"minecraft:repeater":2,"minecraft:tripwire_hook":1,"minecraft:filled_map":6,"paraglider:spirit_orb":6,"biomesoplenty:mahogany_boat":2,"iceandfire:armor_copper_metal_helmet":1,"minecraft:paper":6,"tombstone:gift":1,"minecraft:leather_boots":1,"minecraft:bone":4,"minecraft:wheat_seeds":3,"regions_unexplored:redwood_sapling":2,"aquaculture:minnow":1,"minecraft:mossy_stone_bricks":3,"minecraft:stone_hoe":1,"minecraft:mossy_stone_brick_stairs":2,"aquaculture:smallmouth_bass":1,"minecraft:gravel":2,"minecraft:spider_eye":1,"minecraft:mossy_cobblestone":16,"minecraft:bundle":2,"biomesoplenty:mahogany_log":7,"minecraft:stone_axe":1,"minecraft:iron_helmet":3,"minecraft:granite":7,"minecraft:mossy_cobblestone_stairs":3,"minecraft:emerald":2,"minecraft:bread":10,"minecraft:oak_sapling":2}},"DataVersion":3465}