{"stats":{"minecraft:broken":{"minecraft:stone_pickaxe":1,"minecraft:golden_axe":1},"minecraft:custom":{"lootr:looted_stat":3,"minecraft:mob_kills":20,"minecraft:interact_with_crafting_table":24,"minecraft:leave_game":1,"minecraft:time_since_death":19181,"minecraft:climb_one_cm":2658,"minecraft:sprint_one_cm":229780,"minecraft:walk_one_cm":279667,"minecraft:drop":13,"tombstone:eaten_lollipop":1,"minecraft:play_time":95712,"minecraft:sneak_time":673,"minecraft:deaths":3,"minecraft:walk_under_water_one_cm":23326,"minecraft:jump":1097,"minecraft:walk_on_water_one_cm":13274,"minecraft:total_world_time":95712,"minecraft:interact_with_furnace":53,"minecraft:sleep_in_bed":3,"minecraft:time_since_rest":3240,"minecraft:damage_taken":2217,"minecraft:damage_dealt":4220,"minecraft:swim_one_cm":12517,"minecraft:fly_one_cm":110286,"minecraft:open_chest":7,"minecraft:crouch_one_cm":676,"tombstone:undead_killed":6,"minecraft:interact_with_smoker":1,"minecraft:fall_one_cm":19174},"minecraft:picked_up":{"minecraft:crafting_table":6,"minecraft:lead":1,"galosphere:silver_ingot":4,"tombstone:grave_key":3,"minecraft:raw_copper":7,"artifacts:feral_claws":1,"ecologics:walnut_sapling":4,"minecraft:cracked_stone_bricks":1,"minecraft:gold_nugget":19,"minecraft:iron_nugget":2,"minecraft:melon_slice":95,"delightful:green_tea_leaf":2,"ecologics:crab_claw":1,"minecraft:furnace":4,"minecraft:raw_iron":99,"minecraft:stick":6,"ecologics:walnut_log":5,"ecologics:coconut_slice":9,"minecraft:torch":7,"minecraft:green_bed":1,"ecologics:coconut_seedling":2,"sophisticatedbackpacks:backpack":1,"minecraft:porkchop":3,"minecraft:diorite":5,"regions_unexplored:daisy":1,"tombstone:lollipop":1,"iceandfire:silver_ingot":1,"minecraft:arrow":2,"minecraft:rotten_flesh":8,"crittersandcompanions:dragonfly_wing":1,"biomesoplenty:mahogany_sapling":9,"ecologics:coconut_log":9,"crittersandcompanions:silk":5,"minecraft:gold_ingot":1,"supplementaries:ash":9,"minecraft:mutton":4,"minecraft:white_wool":2,"alexsmobs:flying_fish":1,"minecraft:cobblestone":98,"ecologics:walnut":4,"minecraft:andesite":4,"ecologics:coconut_planks":1,"biomesoplenty:glowshroom":2,"minecraft:smoker":1,"supplementaries:flax_seeds":5,"minecraft:yellow_bed":1,"minecraft:lapis_lazuli":7,"minecraft:dirt":26,"biomesoplenty:glowing_moss_carpet":1,"minecraft:bone":11,"minecraft:stone_bricks":4,"minecraft:wheat_seeds":4,"minecraft:iron_ingot":6,"minecraft:bamboo":43,"galosphere:raw_silver":11,"biomesoplenty:mahogany_planks":3,"regions_unexplored:bamboo_log":6,"minecraft:sand":6,"biomesoplenty:glowing_moss_block":2,"iceandfire:silver_pickaxe":1,"biomesoplenty:mahogany_log":50,"minecraft:granite":5,"minecraft:emerald":6,"minecraft:black_wool":1,"minecraft:coal":101,"iceandfire:raw_silver":31},"minecraft:dropped":{"iceandfire:silver_axe":1,"biomesoplenty:mahogany_planks":1,"tombstone:grave_key":5,"minecraft:rotten_flesh":3,"minecraft:andesite":2,"iceandfire:silver_pickaxe":1},"minecraft:mined":{"biomesoplenty:glowing_moss_block":2,"biomesoplenty:glowshroom":2,"iceandfire:silver_ore":24,"ecologics:coconut_planks":1,"minecraft:glow_lichen":1,"minecraft:granite":5,"minecraft:grass_block":1,"minecraft:tall_seagrass":1,"minecraft:furnace":5,"minecraft:iron_ore":98,"minecraft:andesite":2,"treechop:chopped_log":5,"minecraft:deepslate_iron_ore":2,"crittersandcompanions:silk_cocoon":1,"minecraft:bamboo":1,"minecraft:stone":93,"minecraft:green_bed":1,"minecraft:smoker":1,"minecraft:crafting_table":4,"minecraft:torch":1,"minecraft:melon":19,"biomesoplenty:mahogany_planks":3,"galosphere:silver_ore":11,"minecraft:copper_ore":2,"minecraft:cobblestone":6,"regions_unexplored:daisy":1,"minecraft:diorite":5,"minecraft:wall_torch":4,"supplementaries:urn":9,"minecraft:yellow_bed":1,"minecraft:grass":3,"minecraft:coal_ore":73,"minecraft:sand":6,"minecraft:dirt":12,"minecraft:cracked_stone_bricks":1,"minecraft:stone_bricks":2,"minecraft:fern":13},"minecraft:crafted":{"ecologics:coconut_planks":34,"biomesoplenty:mahogany_planks":198,"ecologics:walnut_planks":20,"minecraft:furnace":2,"minecraft:bone_meal":5,"minecraft:bow":1,"minecraft:stone_pickaxe":1,"galosphere:silver_ingot":6,"iceandfire:silver_axe":1,"minecraft:cooked_porkchop":6,"iceandfire:silver_ingot":24,"minecraft:crafting_table":3,"minecraft:wooden_pickaxe":1,"minecraft:stone_axe":2,"minecraft:bamboo_planks":4,"minecraft:charcoal":10,"minecraft:stick":28,"minecraft:iron_ingot":18,"minecraft:wooden_axe":1,"biomesoplenty:mahogany_boat":1,"minecraft:torch":12,"iceandfire:silver_pickaxe":2,"iceandfire:silver_sword":1},"minecraft:killed":{"mca:male_zombie_villager":1,"creeperoverhaul:bamboo_creeper":1,"minecraft:skeleton":1,"minecraft:panda":1,"ecologics:coconut_crab":1,"alexsmobs:flying_fish":1,"artifacts:mimic":1,"minecraft:pig":2,"alexsmobs:seal":2,"minecraft:sheep":1,"minecraft:zombie":4,"alexsmobs:crocodile":1,"alexsmobs:elephant":1,"ecologics:squirrel":1},"minecraft:used":{"biomesoplenty:mahogany_planks":76,"iceandfire:silver_sword":41,"biomesoplenty:glowshroom":1,"tombstone:lollipop":1,"ecologics:coconut_planks":7,"minecraft:rotten_flesh":4,"minecraft:torch":10,"minecraft:dirt":16,"minecraft:wooden_axe":2,"delightful:green_tea_leaf":4,"minecraft:furnace":5,"ecologics:walnut":4,"tombstone:gift":2,"ecologics:coconut_seedling":2,"minecraft:golden_axe":17,"minecraft:diorite":1,"minecraft:stone_pickaxe":145,"minecraft:wooden_pickaxe":17,"minecraft:cracked_stone_bricks":1,"minecraft:sand":6,"minecraft:crafting_table":7,"minecraft:smoker":1,"iceandfire:silver_pickaxe":195,"sophisticatedbackpacks:backpack":1,"minecraft:melon_slice":19,"tombstone:grave_key":3,"biomesoplenty:mahogany_boat":1,"minecraft:stone_axe":86,"ecologics:coconut_slice":7,"minecraft:cobblestone":6,"minecraft:cooked_porkchop":6,"minecraft:andesite":1,"minecraft:yellow_bed":1}},"DataVersion":3465}