{"stats":{"minecraft:broken":{"minecraft:stone_pickaxe":1,"minecraft:iron_sword":1,"minecraft:golden_axe":1},"minecraft:custom":{"lootr:looted_stat":14,"minecraft:interact_with_crafting_table":69,"minecraft:leave_game":3,"minecraft:time_since_death":1609,"minecraft:sprint_one_cm":485580,"minecraft:drop":110,"tombstone:eaten_lollipop":4,"minecraft:talked_to_villager":1,"minecraft:play_time":215383,"minecraft:deaths":12,"tombstone:tomb_raiding":1,"minecraft:jump":2228,"minecraft:walk_on_water_one_cm":35341,"minecraft:interact_with_furnace":91,"minecraft:sleep_in_bed":3,"minecraft:damage_dealt":16278,"minecraft:player_kills":1,"minecraft:crouch_one_cm":3961,"tombstone:undead_killed":46,"minecraft:interact_with_smoker":3,"minecraft:mob_kills":76,"minecraft:damage_dealt_resisted":104,"minecraft:climb_one_cm":2803,"minecraft:walk_one_cm":561934,"minecraft:damage_dealt_absorbed":78,"minecraft:sneak_time":3014,"minecraft:walk_under_water_one_cm":35570,"minecraft:boat_one_cm":30067,"minecraft:total_world_time":215383,"minecraft:time_since_rest":1386,"minecraft:damage_taken":6119,"minecraft:swim_one_cm":23589,"minecraft:fly_one_cm":241208,"minecraft:open_chest":90,"minecraft:fall_one_cm":54016},"minecraft:picked_up":{"minecraft:anvil":1,"minecraft:lead":2,"galosphere:silver_ingot":4,"minecraft:enchanted_book":6,"minecraft:infested_stone":19,"tombstone:grave_key":3,"minecraft:string":6,"minecraft:raw_copper":30,"supplementaries:hourglass":1,"minecraft:gold_nugget":71,"minecraft:cobbled_deepslate":35,"mcwbridges:bridge_torch":2,"minecraft:cobblestone_slab":12,"minecraft:wooden_shovel":2,"minecraft:iron_pickaxe":1,"minecraft:melon_slice":195,"delightful:green_tea_leaf":3,"ecologics:crab_claw":1,"minecraft:furnace":4,"minecraft:stick":75,"minecraft:jungle_door":2,"ecologics:walnut_log":5,"minecraft:torch":24,"ecologics:coconut_seedling":2,"minecraft:green_bed":1,"minecraft:porkchop":3,"tombstone:grave_dust":10,"minecraft:diorite":5,"regions_unexplored:daisy":1,"tombstone:lollipop":4,"minecraft:stone_sword":1,"minecraft:rotten_flesh":33,"crittersandcompanions:dragonfly_wing":6,"biomesoplenty:mahogany_sapling":31,"ecologics:coconut_log":9,"supplementaries:antique_ink":3,"supplementaries:ash":35,"alexsmobs:flying_fish":1,"minecraft:cobblestone":523,"ecologics:walnut":4,"minecraft:water_bucket":2,"biomesoplenty:dried_salt":2534,"minecraft:andesite":10,"ecologics:coconut_planks":1,"biomesoplenty:glowshroom":2,"minecraft:smoker":1,"biomesoplenty:dead_log":5,"supplementaries:flax_seeds":15,"minecraft:lapis_lazuli":19,"minecraft:dirt":109,"minecraft:name_tag":2,"minecraft:bone":39,"minecraft:wheat_seeds":12,"minecraft:raw_gold":8,"minecraft:bamboo":43,"galosphere:raw_silver":16,"biomesoplenty:mahogany_planks":5,"regions_unexplored:bamboo_log":6,"minecraft:sand":6,"minecraft:bundle":1,"minecraft:diamond":3,"minecraft:granite":5,"minecraft:bread":6,"minecraft:emerald":13,"iceandfire:raw_silver":32,"minecraft:cocoa_beans":3,"minecraft:crafting_table":6,"minecraft:chicken":1,"minecraft:wooden_pickaxe":3,"dungeonnowloading:cobblestone_pebble":18,"artifacts:feral_claws":1,"ecologics:walnut_sapling":4,"graveyard:corruption":5,"minecraft:cracked_stone_bricks":1,"minecraft:iron_nugget":23,"minecraft:sugar_cane":4,"farmersdelight:golden_knife":1,"crittersandcompanions:clam":2,"minecraft:egg":2,"minecraft:raw_iron":102,"ecologics:coconut_slice":9,"sophisticatedbackpacks:crafting_upgrade":1,"ironchest:iron_chest":3,"quark:jungle_chest":1,"sophisticatedbackpacks:backpack":1,"minecraft:music_disc_11":1,"minecraft:carrot":2,"minecraft:redstone":10,"travelersbackpack:snow":2,"iceandfire:silver_ingot":1,"minecraft:arrow":11,"minecraft:stone_shovel":2,"crittersandcompanions:silk":5,"minecraft:gold_ingot":6,"minecraft:mutton":4,"minecraft:skeleton_skull":1,"minecraft:white_wool":2,"minecraft:yellow_bed":1,"minecraft:gunpowder":2,"biomesoplenty:glowing_moss_carpet":1,"biomesoplenty:mahogany_slab":285,"minecraft:podzol":1,"minecraft:stone_bricks":4,"minecraft:iron_ingot":9,"minecraft:stone_pickaxe":4,"minecraft:cobweb":4,"tombstone:bag_of_seeds":1,"minecraft:iron_sword":1,"minecraft:gravel":2,"biomesoplenty:glowing_moss_block":2,"minecraft:spider_eye":5,"biomesoplenty:mahogany_log":93,"iceandfire:silver_pickaxe":1,"tombstone:magic_scroll":2,"minecraft:black_wool":1,"minecraft:coal":101,"minecraft:ender_pearl":1},"minecraft:mined":{"biomesoplenty:glowshroom":2,"minecraft:granite":5,"minecraft:grass_block":7,"minecraft:tall_seagrass":2,"minecraft:iron_ore":101,"minecraft:anvil":1,"supplementaries:stick":2,"biomesoplenty:glowshroom_block":2,"minecraft:green_bed":1,"supplementaries:book_pile":1,"biomesoplenty:glowworm_silk":1,"minecraft:smoker":1,"minecraft:torch":12,"minecraft:melon":39,"galosphere:silver_ore":12,"minecraft:mushroom_stem":16,"minecraft:cobblestone":7,"minecraft:wall_torch":8,"minecraft:seagrass":1,"minecraft:grass":9,"minecraft:sand":6,"minecraft:dirt":20,"minecraft:deepslate":33,"biomesoplenty:glowing_moss_block":2,"iceandfire:silver_ore":25,"ecologics:coconut_planks":1,"minecraft:deepslate_diamond_ore":3,"minecraft:glow_lichen":1,"quark:jungle_chest":1,"minecraft:redstone_ore":2,"minecraft:furnace":5,"minecraft:andesite":8,"treechop:chopped_log":8,"minecraft:vine":1,"minecraft:deepslate_iron_ore":2,"crittersandcompanions:silk_cocoon":1,"ironchest:iron_chest":3,"minecraft:bamboo":1,"minecraft:stone":143,"galosphere:deepslate_silver_ore":4,"minecraft:crafting_table":4,"biomesoplenty:mahogany_planks":3,"minecraft:copper_ore":3,"minecraft:lapis_ore":2,"regions_unexplored:daisy":1,"minecraft:diorite":5,"supplementaries:urn":37,"minecraft:yellow_bed":1,"minecraft:coal_ore":73,"minecraft:cocoa":1,"minecraft:gravel":2,"minecraft:cracked_stone_bricks":1,"minecraft:stone_bricks":2,"minecraft:fern":29},"minecraft:dropped":{"minecraft:iron_sword":2,"crittersandcompanions:clam":1,"iceandfire:silver_axe":1,"minecraft:crafting_table":1,"dungeonnowloading:cobblestone_pebble":9,"biomesoplenty:mahogany_planks":85,"travelersbackpack:snow":2,"minecraft:leather":3,"graveyard:corruption":2,"minecraft:dirt":64,"alexsmobs:emu_feather":1,"minecraft:iron_pickaxe":2,"biomesoplenty:mahogany_slab":64,"minecraft:stone_axe":1,"minecraft:sugar_cane":2,"minecraft:rotten_flesh":8,"supplementaries:flax_seeds":4,"biomesoplenty:mahogany_sapling":16,"iceandfire:silver_pickaxe":1,"minecraft:stone_hoe":1,"minecraft:water_bucket":1,"minecraft:enchanted_book":1,"biomesoplenty:mahogany_log":22,"minecraft:wheat_seeds":12,"minecraft:iron_helmet":1,"minecraft:cobblestone":168,"chipped:dark_oak_torch":60,"crittersandcompanions:dragonfly_wing":2,"biomesoplenty:mahogany_fence":5,"minecraft:stick":6,"biomesoplenty:orange_sand":1,"farmersdelight:golden_knife":3,"tombstone:grave_key":5,"minecraft:cooked_salmon":1,"minecraft:jungle_door":1,"minecraft:iron_leggings":1,"sophisticatedbackpacks:crafting_upgrade":1,"minecraft:string":1,"biomesoplenty:dried_salt":1472,"minecraft:stone_sword":2,"minecraft:raw_iron":51,"minecraft:stone_shovel":1,"minecraft:iron_boots":1,"minecraft:name_tag":1,"minecraft:shears":1,"minecraft:cobblestone_slab":6,"minecraft:shield":2,"minecraft:iron_chestplate":1,"minecraft:andesite":2,"minecraft:wooden_shovel":1,"minecraft:spider_eye":3,"minecraft:stone_pickaxe":4,"minecraft:wooden_pickaxe":2},"minecraft:crafted":{"ecologics:walnut_planks":20,"iceandfire:armor_copper_metal_boots":1,"minecraft:bow":1,"minecraft:iron_boots":2,"iceandfire:armor_copper_metal_chestplate":1,"galosphere:silver_ingot":22,"iceandfire:silver_axe":2,"minecraft:cooked_porkchop":6,"minecraft:crafting_table":5,"minecraft:wooden_pickaxe":1,"minecraft:iron_helmet":2,"minecraft:copper_ingot":31,"minecraft:bamboo_planks":4,"farmersdelight:golden_knife":1,"minecraft:iron_chestplate":2,"minecraft:charcoal":10,"minecraft:shield":1,"minecraft:stick":56,"minecraft:iron_ingot":86,"biomesoplenty:mahogany_boat":2,"minecraft:gold_ingot":21,"iceandfire:silver_sword":1,"minecraft:shears":1,"biomesoplenty:mahogany_fence":3,"ecologics:coconut_planks":34,"biomesoplenty:mahogany_planks":294,"minecraft:furnace":2,"graveyard:dark_iron_ingot":2,"iceandfire:armor_copper_metal_leggings":1,"minecraft:bone_meal":32,"iceandfire:armor_copper_metal_helmet":1,"sophisticatedstorage:upgrade_base":1,"minecraft:stone_pickaxe":1,"crittersandcompanions:grappling_hook":1,"biomesoplenty:dead_planks":20,"ironchest:wood_to_iron_chest_upgrade":2,"iceandfire:silver_ingot":24,"sophisticatedstorage:crafting_upgrade":1,"minecraft:stone_axe":2,"minecraft:bread":7,"minecraft:air":0,"minecraft:wooden_axe":1,"minecraft:iron_leggings":2,"minecraft:torch":12,"iceandfire:silver_pickaxe":2},"minecraft:killed":{"minecraft:cave_spider":1,"graveyard:skeleton_creeper":1,"minecraft:spider":4,"endermanoverhaul:dark_oak_enderman":1,"creeperoverhaul:bamboo_creeper":1,"minecraft:skeleton":7,"minecraft:chicken":1,"ecologics:coconut_crab":1,"minecraft:silverfish":1,"mowziesmobs:foliaath":1,"artifacts:mimic":1,"minecraft:pig":2,"alexsmobs:seal":2,"minecraft:sheep":1,"tinyskeletons:baby_skeleton":2,"minecraft:zombie":31,"alexsmobs:terrapin":1,"mca:male_zombie_villager":1,"quark:toretoise":1,"crittersandcompanions:dragonfly":2,"alexsmobs:gorilla":1,"minecraft:panda":1,"crittersandcompanions:otter":1,"minecraft:drowned":2,"goblintraders:goblin_trader":1,"alexsmobs:flying_fish":1,"minecraft:husk":2,"alexsmobs:crocodile":1,"alexsmobs:elephant":1,"ecologics:squirrel":1,"minecraft:player":1},"minecraft:used":{"supplementaries:hourglass":1,"minecraft:iron_sword":237,"tombstone:lollipop":4,"ecologics:coconut_planks":7,"minecraft:rotten_flesh":4,"minecraft:carrot":2,"ironchest:iron_chest":3,"minecraft:iron_helmet":1,"biomesoplenty:mahogany_sapling":4,"delightful:green_tea_leaf":4,"minecraft:furnace":5,"minecraft:egg":1,"minecraft:diorite":1,"minecraft:stone_pickaxe":145,"minecraft:wooden_pickaxe":17,"minecraft:sand":6,"iceandfire:silver_axe":54,"iceandfire:silver_pickaxe":324,"sophisticatedbackpacks:backpack":1,"minecraft:melon_slice":73,"minecraft:bread":13,"tombstone:grave_key":3,"ecologics:coconut_slice":7,"minecraft:andesite":1,"minecraft:bone_meal":5,"ironchest:wood_to_iron_chest_upgrade":2,"biomesoplenty:mahogany_planks":76,"iceandfire:silver_sword":41,"biomesoplenty:glowshroom":1,"minecraft:stick":5,"minecraft:torch":30,"minecraft:dirt":22,"minecraft:anvil":1,"minecraft:wooden_axe":2,"travelersbackpack:snow":18,"ecologics:walnut":4,"tombstone:gift":4,"ecologics:coconut_seedling":2,"minecraft:cobbled_deepslate":32,"minecraft:golden_axe":17,"minecraft:water_bucket":6,"farmersdelight:golden_knife":1,"minecraft:cracked_stone_bricks":1,"minecraft:crafting_table":9,"minecraft:spider_eye":2,"minecraft:smoker":1,"tombstone:bag_of_seeds":2,"mcwbridges:bridge_torch":2,"tombstone:magic_scroll":3,"biomesoplenty:mahogany_boat":2,"minecraft:stone_axe":141,"minecraft:enchanted_book":1,"minecraft:cobblestone":87,"minecraft:cooked_porkchop":6,"minecraft:bucket":6,"minecraft:yellow_bed":1}},"DataVersion":3465}