{"stats":{"minecraft:used":{"minecraft:chest":1,"ecologics:coconut_planks":7,"minecraft:rotten_flesh":4,"minecraft:cocoa_beans":1,"ironchest:iron_chest":10,"farmersdelight:steak_and_potatoes":1,"blue_skies:winter_leaf_seeds":14,"minecraft:lava_bucket":10,"biomesoplenty:mahogany_sapling":4,"delightful:green_tea_leaf":6,"minecraft:sweet_berries":15,"minecraft:furnace":6,"minecraft:egg":1,"minecraft:diorite":15,"minecraft:wooden_pickaxe":17,"minecraft:jungle_boat":4,"minecraft:golden_apple":4,"minecraft:glow_berries":6,"minecraft:sand":6,"minecraft:blast_furnace":1,"iceandfire:silver_pickaxe":530,"supplementaries:flax_seeds":10,"minecraft:diamond_sword":258,"minecraft:smithing_table":1,"ironchest:wood_to_iron_chest_upgrade":2,"iceandfire:silver_sword":41,"iceandfire:armor_copper_metal_leggings":1,"minecraft:cooked_salmon":4,"minecraft:netherrack":79,"minecraft:stick":5,"minecraft:torch":90,"minecraft:anvil":1,"minecraft:iron_axe":113,"minecraft:bamboo":3,"ecologics:walnut":4,"tombstone:gift":9,"ecologics:coconut_seedling":2,"minecraft:cobbled_deepslate":32,"minecraft:golden_axe":17,"minecraft:wheat_seeds":22,"minecraft:water_bucket":20,"ironchest:gold_to_diamond_chest_upgrade":2,"farmersdelight:golden_knife":9,"minecraft:cracked_stone_bricks":1,"minecraft:mossy_cobblestone":1,"minecraft:crafting_table":12,"minecraft:red_bed":1,"minecraft:cod":1,"minecraft:diamond_pickaxe":257,"minecraft:diamond_shovel":60,"quark:pickarang":89,"minecraft:iron_pickaxe":171,"tombstone:magic_scroll":4,"biomesoplenty:mahogany_boat":6,"minecraft:enchanted_book":3,"minecraft:potion":3,"minecraft:cobblestone":110,"illagerinvasion:platinum_infused_hatchet":6,"minecraft:cooked_porkchop":6,"stalwart_dungeons:iron_hammer":2,"supplementaries:hourglass":1,"biomesoplenty:mahogany_slab":1,"minecraft:shield":4,"minecraft:iron_sword":237,"tombstone:lollipop":8,"minecraft:carrot":10,"minecraft:music_disc_13":1,"minecraft:obsidian":10,"iceandfire:armor_silver_metal_leggings":1,"minecraft:iron_helmet":1,"minecraft:stone_pickaxe":145,"minecraft:diamond_axe":14,"minecraft:sugar_cane":9,"blue_skies:winter_leaves":11,"alexscaves:cave_book":4,"iceandfire:silver_axe":264,"sophisticatedbackpacks:backpack":1,"minecraft:melon_slice":134,"minecraft:bread":52,"tombstone:grave_key":16,"ironchest:iron_to_gold_chest_upgrade":3,"minecraft:gravel":1,"biomesoplenty:dried_salt":16,"ecologics:coconut_slice":7,"minecraft:andesite":9,"minecraft:bone_meal":192,"minecraft:cobweb":7,"minecraft:oak_fence":1,"biomesoplenty:mahogany_planks":97,"minecraft:music_disc_otherside":1,"quark:jungle_chest":5,"biomesoplenty:glowshroom":1,"minecraft:cooked_chicken":1,"minecraft:dirt":29,"minecraft:spruce_fence":1,"minecraft:wooden_axe":2,"aquaculture:iron_fishing_rod":13,"regions_unexplored:glistering_wart":1,"travelersbackpack:snow":160,"alexscaves:spelunkery_table":1,"ironchest:gold_chest":4,"alexsmobs:banana":1,"minecraft:cooked_beef":5,"minecraft:brown_bed":1,"goldenfoods:golden_cooked_beef":1,"minecraft:baked_potato":2,"minecraft:brown_mushroom":1,"minecraft:music_disc_cat":1,"minecraft:spider_eye":2,"minecraft:smoker":1,"tombstone:bag_of_seeds":2,"minecraft:apple":25,"mcwbridges:bridge_torch":2,"minecraft:stone_axe":148,"iceandfire:silver_hoe":24,"minecraft:fishing_rod":9,"minecraft:bucket":36,"minecraft:yellow_bed":1},"minecraft:crafted":{"minecraft:smooth_stone":9,"travelersbackpack:crafting_upgrade":1,"ecologics:walnut_planks":20,"minecraft:glass":37,"iceandfire:armor_silver_metal_chestplate":1,"iceandfire:armor_copper_metal_chestplate":1,"galosphere:silver_ingot":22,"iceandfire:silver_axe":2,"minecraft:emerald":11,"minecraft:cooked_porkchop":6,"minecraft:jungle_boat":1,"minecraft:smithing_table":1,"minecraft:copper_ingot":31,"minecraft:bamboo_planks":4,"farmersdelight:golden_knife":1,"aquaculture:iron_hook":1,"minecraft:gold_ingot":27,"quark:pickarang":1,"iceandfire:silver_sword":1,"biomesoplenty:mahogany_fence":3,"ecologics:coconut_planks":34,"quark:jungle_chest":6,"ironchest:diamond_to_crystal_chest_upgrade":1,"iceandfire:armor_copper_metal_leggings":1,"minecraft:bone_meal":224,"ironchest:gold_to_diamond_chest_upgrade":2,"travelersbackpack:blank_upgrade":4,"travelersbackpack:gold_tier_upgrade":1,"iceandfire:armor_copper_metal_helmet":1,"travelersbackpack:snow":4,"sophisticatedstorage:upgrade_base":1,"minecraft:stone_pickaxe":1,"crittersandcompanions:grappling_hook":3,"minecraft:wheat":54,"biomesoplenty:dead_planks":20,"ironchest:wood_to_iron_chest_upgrade":3,"ironchest:iron_to_gold_chest_upgrade":3,"minecraft:wooden_axe":1,"minecraft:iron_leggings":3,"iceandfire:silver_pickaxe":2,"minecraft:cooked_chicken":1,"iceandfire:armor_copper_metal_boots":1,"minecraft:bow":1,"minecraft:iron_boots":3,"iceandfire:armor_silver_metal_leggings":1,"travelersbackpack:iron_tier_upgrade":1,"dungeonnowloading:spawner_frame":4,"minecraft:crafting_table":8,"minecraft:baked_potato":5,"minecraft:wooden_pickaxe":1,"minecraft:iron_helmet":3,"minecraft:iron_chestplate":3,"minecraft:paper":57,"minecraft:charcoal":10,"minecraft:emerald_block":5,"minecraft:shield":1,"minecraft:stick":56,"minecraft:iron_ingot":90,"biomesoplenty:mahogany_boat":3,"aquaculture:iron_fishing_rod":1,"minecraft:shears":1,"minecraft:fishing_rod":1,"biomesoplenty:mahogany_planks":378,"minecraft:furnace":3,"graveyard:dark_iron_ingot":2,"alexscaves:cave_map":1,"ironchest:diamond_to_obsidian_chest_upgrade":1,"travelersbackpack:diamond_tier_upgrade":1,"minecraft:cooked_cod":7,"aquaculture:redstone_hook":1,"minecraft:diamond_sword":1,"iceandfire:silver_ingot":25,"travelersbackpack:backpack_tank":2,"sophisticatedstorage:crafting_upgrade":1,"minecraft:cooked_salmon":4,"minecraft:bucket":3,"minecraft:stone_axe":2,"minecraft:bread":50,"minecraft:air":0,"minecraft:jungle_planks":64,"regions_unexplored:redwood_planks":2,"minecraft:torch":12,"iceandfire:silver_hoe":1},"minecraft:custom":{"minecraft:interact_with_crafting_table":152,"minecraft:open_barrel":1,"goblintraders:trade_with_goblin":2,"minecraft:leave_game":9,"minecraft:time_since_death":19667,"minecraft:damage_blocked_by_shield":40,"tombstone:eaten_lollipop":8,"minecraft:play_time":586997,"minecraft:deaths":38,"tombstone:tomb_raiding":1,"minecraft:jump":5192,"minecraft:interact_with_furnace":125,"minecraft:play_record":3,"minecraft:sleep_in_bed":5,"minecraft:damage_dealt":44040,"tombstone:undead_killed":120,"minecraft:interact_with_smoker":11,"minecraft:interact_with_smithing_table":4,"minecraft:interact_with_anvil":10,"minecraft:damage_dealt_absorbed":211,"minecraft:sneak_time":12973,"minecraft:interact_with_blast_furnace":8,"minecraft:total_world_time":586997,"tombstone:raider_killed":11,"minecraft:tune_noteblock":12,"minecraft:time_since_rest":19563,"minecraft:swim_one_cm":28811,"minecraft:fly_one_cm":584179,"minecraft:open_chest":628,"minecraft:fish_caught":2,"minecraft:fall_one_cm":130350,"lootr:looted_stat":81,"minecraft:sprint_one_cm":1226587,"minecraft:drop":314,"minecraft:talked_to_villager":1,"minecraft:walk_on_water_one_cm":119186,"minecraft:interact_with_loom":13,"minecraft:player_kills":1,"minecraft:crouch_one_cm":30023,"tombstone:villager_killed":1,"minecraft:mob_kills":199,"minecraft:damage_dealt_resisted":104,"minecraft:climb_one_cm":12340,"minecraft:walk_one_cm":1519861,"minecraft:walk_under_water_one_cm":76093,"minecraft:boat_one_cm":32902,"minecraft:damage_taken":20333,"minecraft:damage_absorbed":68,"minecraft:trigger_trapped_chest":3},"minecraft:killed":{"minecraft:cave_spider":1,"alexsmobs:murmur":1,"minecraft:skeleton":23,"alexsmobs:leafcutter_ant":1,"minecraft:chicken":1,"ecologics:coconut_crab":1,"mowziesmobs:foliaath":1,"alexsmobs:seal":2,"minecraft:pillager":2,"tinyskeletons:baby_skeleton":4,"minecraft:zombie":72,"minecraft:glow_squid":1,"mca:female_zombie_villager":1,"mca:male_zombie_villager":1,"minecraft:vindicator":6,"illagerinvasion:marauder":1,"quark:toretoise":2,"crittersandcompanions:dragonfly":2,"alexsmobs:gorilla":1,"goblintraders:goblin_trader":1,"minecraft:husk":12,"alexsmobs:crocodile":1,"alexsmobs:elephant":1,"iceandfire:ghost":1,"mca:female_villager":1,"minecraft:enderman":1,"graveyard:skeleton_creeper":1,"minecraft:spider":25,"endermanoverhaul:dark_oak_enderman":1,"creeperoverhaul:bamboo_creeper":4,"illagerinvasion:provoker":2,"minecraft:silverfish":1,"artifacts:mimic":1,"minecraft:pig":2,"minecraft:creeper":3,"minecraft:sheep":1,"alexsmobs:terrapin":1,"iceandfire:pixie":1,"minecraft:panda":1,"minecraft:drowned":4,"crittersandcompanions:otter":1,"alexsmobs:flying_fish":1,"ecologics:squirrel":1,"alexsmobs:crow":1,"minecraft:player":2},"minecraft:dropped":{"minecraft:iron_sword":4,"crittersandcompanions:clam":1,"minecraft:glass_bottle":1,"minecraft:diamond":43,"minecraft:crafting_table":2,"aquaculture:redstone_hook":2,"biomesoplenty:black_sand":1,"biomesoplenty:mahogany_planks":127,"iceandfire:ectoplasm":5,"minecraft:cracked_stone_bricks":4,"delightful:cantaloupe_seeds":2,"graveyard:corruption":2,"minecraft:dirt":68,"iceandfire:armor_copper_metal_boots":1,"alexsmobs:emu_feather":1,"minecraft:iron_pickaxe":2,"minecraft:stone_axe":2,"minecraft:sugar_cane":2,"minecraft:golden_chestplate":1,"alexscaves:cave_tablet":5,"minecraft:rotten_flesh":37,"regions_unexplored:redwood_planks":64,"supplementaries:flax_seeds":10,"more_bows_and_arrows:amethyst_bow":2,"biomesoplenty:mahogany_sapling":44,"minecraft:enchanted_book":4,"minecraft:wheat_seeds":79,"minecraft:iron_helmet":6,"minecraft:cobblestone":229,"minecraft:book":6,"biomesoplenty:mahogany_fence":5,"galosphere:raw_silver":1,"minecraft:cooked_salmon":1,"minecraft:potion":3,"regions_unexplored:glistering_sprout":2,"minecraft:paper":2,"minecraft:string":1,"minecraft:lily_pad":1,"biomesoplenty:dried_salt":1472,"minecraft:stone_sword":2,"minecraft:cocoa_beans":9,"minecraft:bowl":1,"minecraft:stone_shovel":1,"minecraft:iron_boots":3,"iceandfire:armor_copper_metal_helmet":1,"minecraft:name_tag":1,"minecraft:shears":1,"minecraft:big_dripleaf":2,"blue_skies:winter_leaves":11,"minecraft:cobblestone_slab":6,"minecraft:potato":5,"minecraft:bundle":2,"minecraft:wooden_shovel":1,"minecraft:stone_pressure_plate":41,"minecraft:spider_eye":7,"sophisticatedbackpacks:copper_backpack":2,"crittersandcompanions:grappling_hook":4,"minecraft:brown_mushroom":2,"minecraft:baked_potato":3,"iceandfire:silver_axe":2,"dungeonnowloading:cobblestone_pebble":9,"travelersbackpack:snow":2,"minecraft:leather":3,"paraglider:spirit_orb":45,"alexscaves:cave_map":1,"biomesoplenty:mahogany_slab":128,"minecraft:gold_ingot":2,"supplementaries:ash":38,"minecraft:gunpowder":2,"aquaculture:bluegill":1,"minecraft:arrow":1,"iceandfire:armor_copper_metal_leggings":1,"artifacts:scarf_of_invisibility":1,"minecraft:netherrack":1,"iceandfire:silver_pickaxe":1,"minecraft:water_bucket":1,"minecraft:stone_hoe":2,"biomesoplenty:mahogany_log":22,"minecraft:bread":10,"minecraft:golden_helmet":1,"minecraft:mossy_cobblestone":4,"iceandfire:armor_copper_metal_chestplate":1,"stalwart_dungeons:iron_hammer":1,"chipped:dark_oak_torch":60,"crittersandcompanions:dragonfly_wing":2,"minecraft:copper_ingot":1,"minecraft:stick":7,"biomesoplenty:orange_sand":1,"farmersdelight:golden_knife":3,"minecraft:torch":8,"tombstone:grave_key":5,"minecraft:zombie_head":3,"minecraft:jungle_door":1,"tombstone:grave_dust":22,"minecraft:iron_leggings":3,"sophisticatedbackpacks:crafting_upgrade":1,"artifacts:rooted_boots":1,"artifacts:feral_claws":1,"minecraft:bucket":1,"minecraft:music_disc_cat":2,"ironchest:diamond_to_crystal_chest_upgrade":1,"minecraft:raw_copper":21,"minecraft:raw_iron":51,"ironchest:diamond_to_obsidian_chest_upgrade":1,"minecraft:filled_map":5,"minecraft:shield":5,"aether:iron_gloves":1,"minecraft:iron_chestplate":7,"minecraft:andesite":2,"minecraft:mossy_stone_bricks":1,"minecraft:golden_leggings":5,"minecraft:infested_stone":19,"minecraft:diamond_boots":2,"minecraft:stone_pickaxe":4,"minecraft:wooden_pickaxe":2},"minecraft:mined":{"alexsmobs:leafcutter_anthill":1,"minecraft:obsidian":22,"minecraft:granite":12,"quark:yellow_corundum":1,"biomesoplenty:dried_salt":18,"minecraft:spawner":10,"minecraft:tall_seagrass":2,"minecraft:mossy_cobblestone_stairs":4,"minecraft:cobbled_deepslate":32,"minecraft:sticky_piston":1,"minecraft:fire":2,"ironchest:gold_chest":4,"minecraft:deepslate_lapis_ore":1,"minecraft:nether_brick_stairs":1,"biomesoplenty:glowshroom_block":2,"minecraft:cave_vines":3,"minecraft:dirt_path":1,"minecraft:piston_head":1,"minecraft:brown_mushroom":3,"minecraft:red_bed":1,"biomesoplenty:glowworm_silk":1,"minecraft:smoker":1,"minecraft:soul_fire":1,"minecraft:torch":33,"minecraft:blast_furnace":1,"minecraft:melon":43,"galosphere:silver_ore":13,"minecraft:sugar_cane":5,"minecraft:wheat":14,"minecraft:stone_brick_stairs":3,"minecraft:grass":12,"quark:yellow_corundum_cluster":1,"regions_unexplored:glistering_ivy":2,"minecraft:deepslate":103,"iceandfire:silver_ore":25,"minecraft:mossy_cobblestone":10,"minecraft:nether_bricks":3,"minecraft:spruce_fence":1,"quark:orange_corundum_cluster":1,"minecraft:redstone_ore":2,"minecraft:andesite":16,"minecraft:mossy_stone_brick_stairs":2,"minecraft:vine":5,"ironchest:iron_chest":10,"minecraft:bamboo":2,"galosphere:deepslate_silver_ore":4,"minecraft:observer":1,"biomesoplenty:black_sand":1,"biomesoplenty:mahogany_planks":3,"minecraft:copper_ore":3,"minecraft:tall_grass":3,"minecraft:diorite":25,"minecraft:gravel":5,"biomesoplenty:stringy_cobweb":1,"minecraft:cobweb":7,"regions_unexplored:glistering_wart":6,"minecraft:stone_bricks":12,"minecraft:fern":45,"biomesoplenty:glowshroom":2,"minecraft:stone_pressure_plate":44,"minecraft:grass_block":16,"minecraft:infested_cobblestone":6,"minecraft:iron_ore":101,"minecraft:anvil":1,"minecraft:brown_bed":1,"supplementaries:stick":2,"minecraft:iron_bars":1,"minecraft:green_bed":1,"minecraft:quartz_block":1,"lootr:lootr_chest":1,"supplementaries:book_pile":2,"minecraft:mushroom_stem":16,"minecraft:cobblestone":79,"biomesoplenty:mahogany_slab":3,"minecraft:wall_torch":15,"minecraft:seagrass":2,"minecraft:sand":6,"minecraft:dirt":35,"minecraft:netherrack":128,"minecraft:oak_leaves":5,"minecraft:emerald_block":1,"biomesoplenty:glowing_moss_block":2,"minecraft:nether_gold_ore":1,"minecraft:tuff":1,"ecologics:coconut_planks":1,"minecraft:deepslate_diamond_ore":11,"minecraft:glow_lichen":1,"quark:jungle_chest":2,"minecraft:hay_block":6,"minecraft:oak_trapdoor":1,"minecraft:furnace":7,"quark:orange_corundum":6,"treechop:chopped_log":11,"minecraft:bookshelf":3,"minecraft:deepslate_iron_ore":6,"crittersandcompanions:silk_cocoon":2,"minecraft:stone":246,"biomesoplenty:orange_sand":48,"minecraft:crafting_table":6,"minecraft:lapis_ore":2,"regions_unexplored:daisy":1,"supplementaries:urn":77,"minecraft:sweet_berry_bush":3,"minecraft:yellow_bed":1,"minecraft:coal_ore":75,"minecraft:cocoa":7,"minecraft:cracked_stone_bricks":4,"regions_unexplored:glistering_ivy_plant":5,"minecraft:mossy_stone_bricks":5},"minecraft:broken":{"minecraft:iron_boots":1,"minecraft:iron_sword":1,"iceandfire:armor_silver_metal_chestplate":1,"iceandfire:armor_silver_metal_leggings":1,"aether:iron_gloves":1,"minecraft:iron_helmet":1,"iceandfire:silver_pickaxe":1,"minecraft:stone_pickaxe":1,"minecraft:golden_axe":1},"minecraft:killed_by":{"minecraft:player":1},"minecraft:picked_up":{"quark:diamond_heart":1,"minecraft:iron_chestplate":6,"iceandfire:copper_sword":1,"quark:orange_corundum":8,"minecraft:anvil":1,"minecraft:lead":3,"regions_unexplored:glistering_sprout":2,"minecraft:enchanted_book":18,"minecraft:infested_stone":38,"crittersandcompanions:grappling_hook":2,"minecraft:amethyst_block":11,"minecraft:music_disc_cat":2,"iceandfire:manuscript":2,"minecraft:string":71,"minecraft:cobbled_deepslate":691,"illagerinvasion:platinum_infused_hatchet":3,"alexsmobs:emu_feather":1,"minecraft:gold_nugget":103,"supplementaries:hourglass":1,"mcwbridges:bridge_torch":2,"minecraft:melon_slice":210,"wstweaks:fragment":15,"ecologics:crab_claw":1,"minecraft:big_dripleaf":2,"minecraft:green_bed":1,"minecraft:golden_axe":1,"ironchest:gold_chest":4,"minecraft:stone_sword":1,"crittersandcompanions:dragonfly_wing":9,"farmersdelight:rope":12,"supplementaries:ash":120,"minecraft:iron_bars":6,"alexsmobs:flying_fish":1,"minecraft:feather":2,"biomesoplenty:dried_salt":6217,"minecraft:water_bucket":2,"minecraft:jungle_log":16,"ecologics:coconut_planks":1,"minecraft:smoker":1,"biomesoplenty:dead_log":5,"minecraft:flint":5,"minecraft:lantern":1,"galosphere:raw_silver":17,"minecraft:pitcher_pod":2,"biomesoplenty:mahogany_planks":337,"regions_unexplored:bamboo_log":6,"alexsmobs:animal_dictionary":2,"minecraft:bundle":4,"minecraft:deepslate":1,"minecraft:granite":23,"minecraft:bread":6,"alexsmobs:maggot":1,"iceandfire:raw_silver":32,"minecraft:crafting_table":10,"minecraft:red_bed":1,"dungeonnowloading:spawner_fragment":53,"minecraft:cracked_stone_bricks":6,"aquaculture:diamond_fishing_rod":1,"minecraft:jungle_sapling":9,"minecraft:iron_nugget":43,"minecraft:chest":1,"quark:orange_corundum_cluster":10,"minecraft:egg":3,"regions_unexplored:glistering_wart":1,"artifacts:charm_of_sinking":1,"sophisticatedbackpacks:crafting_upgrade":1,"sophisticatedbackpacks:backpack":1,"quark:jungle_chest":1,"minecraft:spruce_fence":2,"ironchest:iron_chest":10,"blue_skies:winter_leaves":22,"iceandfire:armor_copper_metal_boots":1,"minecraft:carrot":2,"minecraft:redstone":20,"quark:yellow_corundum":2,"minecraft:tnt":7,"travelersbackpack:snow":2,"minecraft:stone_shovel":3,"minecraft:diamond_boots":3,"minecraft:hay_block":6,"aquaculture:carp":2,"dungeonnowloading:skull_of_chaos":1,"minecraft:gold_ingot":80,"sophisticatedbackpacks:copper_backpack":2,"minecraft:glow_berries":3,"minecraft:mutton":4,"minecraft:white_wool":2,"biomesoplenty:orange_sand":44,"minecraft:rail":5,"minecraft:filled_map":3,"minecraft:lily_pad":1,"iceandfire:armor_copper_metal_helmet":1,"minecraft:paper":10,"biomesoplenty:glowing_moss_carpet":2,"biomesoplenty:mahogany_slab":723,"minecraft:apple":1,"minecraft:stone_bricks":19,"minecraft:wild_armor_trim_smithing_template":2,"regions_unexplored:redwood_sapling":37,"minecraft:stone_pickaxe":29,"minecraft:cobweb":11,"tombstone:bag_of_seeds":1,"minecraft:glass_bottle":4,"minecraft:iron_sword":3,"minecraft:gravel":36,"biomesoplenty:mahogany_log":131,"minecraft:slime_ball":2,"minecraft:diamond_axe":1,"aquaculture:redstone_hook":1,"minecraft:ender_pearl":1,"minecraft:wheat":72,"illagerinvasion:platinum_chunk":5,"aether:iron_gloves":2,"iceandfire:armor_copper_metal_chestplate":1,"alexscaves:cave_tablet":4,"galosphere:silver_ingot":4,"minecraft:potion":3,"autumnity:foul_berry_pips":3,"tombstone:grave_key":3,"minecraft:raw_copper":72,"alexsmobs:ancient_dart":1,"minecraft:iron_leggings":1,"minecraft:sticky_piston":2,"minecraft:zombie_head":6,"alexsmobs:banana":1,"minecraft:bucket":1,"minecraft:cobblestone_slab":24,"minecraft:wooden_shovel":3,"minecraft:iron_pickaxe":2,"delightful:green_tea_leaf":5,"minecraft:iron_boots":3,"regions_unexplored:redwood_log":160,"minecraft:furnace":9,"minecraft:tipped_arrow":1,"minecraft:stick":231,"minecraft:jungle_door":4,"ecologics:walnut_log":5,"iceandfire:armor_copper_metal_leggings":1,"minecraft:oak_fence":1,"minecraft:torch":82,"ecologics:coconut_seedling":2,"quark:yellow_corundum_cluster":3,"minecraft:porkchop":3,"tombstone:grave_dust":37,"minecraft:diorite":23,"supplementaries:flax":2,"regions_unexplored:daisy":1,"tombstone:lollipop":9,"minecraft:quartz_block":3,"minecraft:rotten_flesh":151,"biomesoplenty:mahogany_sapling":78,"ecologics:coconut_log":9,"supplementaries:antique_ink":20,"minecraft:obsidian":23,"minecraft:cod":2,"minecraft:cobblestone":967,"ecologics:walnut":4,"minecraft:andesite":29,"minecraft:golden_leggings":5,"biomesoplenty:glowshroom":10,"minecraft:potato":5,"paraglider:spirit_orb":108,"alexscaves:cave_book":1,"minecraft:tuff":55,"biomesoplenty:mahogany_boat":3,"supplementaries:flax_seeds":23,"minecraft:dirt":242,"minecraft:lapis_lazuli":19,"minecraft:name_tag":6,"minecraft:bone":241,"minecraft:wheat_seeds":237,"stalwart_dungeons:iron_hammer":1,"minecraft:raw_gold":8,"minecraft:mossy_stone_bricks":4,"minecraft:bamboo":117,"minecraft:powered_rail":23,"minecraft:music_disc_13":1,"artifacts:rooted_boots":1,"minecraft:sand":6,"minecraft:jungle_planks":4,"minecraft:nether_brick_stairs":5,"minecraft:mossy_cobblestone":7,"minecraft:diamond":10,"minecraft:golden_apple":4,"minecraft:emerald":20,"minecraft:oak_sapling":3,"minecraft:netherrack":97,"minecraft:cocoa_beans":37,"more_bows_and_arrows:amethyst_bow":2,"minecraft:charcoal":10,"minecraft:chicken":1,"minecraft:brown_mushroom":3,"dungeonnowloading:cobblestone_pebble":36,"minecraft:wooden_pickaxe":4,"minecraft:diamond_horse_armor":1,"minecraft:shield":5,"alexscaves:cave_codex":1,"iceandfire:silver_hoe":1,"minecraft:oak_trapdoor":1,"artifacts:feral_claws":2,"ecologics:walnut_sapling":4,"graveyard:corruption":5,"biomesoplenty:black_sand":1,"minecraft:candle":1,"aquaculture:bluegill":1,"alexsmobs:elastic_tendon":4,"minecraft:sugar_cane":71,"farmersdelight:golden_knife":1,"crittersandcompanions:clam":9,"minecraft:phantom_membrane":12,"minecraft:raw_iron":102,"ecologics:coconut_slice":9,"minecraft:copper_ingot":1,"minecraft:music_disc_11":2,"minecraft:stone_pressure_plate":43,"iceandfire:silver_ingot":1,"minecraft:arrow":49,"crittersandcompanions:silk":12,"alexscaves:spelunkery_table":1,"minecraft:skeleton_skull":2,"minecraft:jungle_boat":4,"minecraft:glow_ink_sac":6,"minecraft:salmon":1,"minecraft:leather":11,"minecraft:gunpowder":21,"minecraft:yellow_bed":1,"minecraft:podzol":2,"minecraft:iron_ingot":10,"artifacts:kitty_slippers":1,"quark:pickarang":2,"blue_skies:winter_leaf_seeds":39,"minecraft:book":21,"minecraft:emerald_block":1,"minecraft:pitcher_plant":1,"biomesoplenty:dead_planks":18,"minecraft:blast_furnace":1,"artifacts:scarf_of_invisibility":1,"biomesoplenty:glowing_moss_block":4,"minecraft:spider_eye":19,"supplementaries:clock_block":1,"iceandfire:silver_pickaxe":1,"minecraft:iron_helmet":4,"chipped:dark_oak_torch":1,"tombstone:magic_scroll":4,"minecraft:black_wool":1,"minecraft:coal":110}},"DataVersion":3465}