{"stats":{"minecraft:broken":{"minecraft:stone_pickaxe":1,"minecraft:golden_axe":1},"minecraft:custom":{"lootr:looted_stat":3,"minecraft:mob_kills":21,"minecraft:interact_with_crafting_table":36,"minecraft:leave_game":2,"minecraft:time_since_death":30998,"minecraft:climb_one_cm":2658,"minecraft:sprint_one_cm":234287,"minecraft:walk_one_cm":292471,"minecraft:drop":22,"tombstone:eaten_lollipop":1,"minecraft:sneak_time":967,"minecraft:play_time":107529,"minecraft:deaths":3,"minecraft:walk_under_water_one_cm":23326,"minecraft:jump":1120,"minecraft:walk_on_water_one_cm":15485,"minecraft:total_world_time":107529,"minecraft:interact_with_furnace":65,"minecraft:sleep_in_bed":3,"minecraft:time_since_rest":15057,"minecraft:damage_taken":2221,"minecraft:damage_dealt":4410,"minecraft:swim_one_cm":12517,"minecraft:fly_one_cm":113026,"minecraft:open_chest":16,"minecraft:crouch_one_cm":676,"tombstone:undead_killed":6,"minecraft:interact_with_smoker":1,"minecraft:fall_one_cm":19596},"minecraft:picked_up":{"minecraft:crafting_table":6,"minecraft:lead":1,"galosphere:silver_ingot":4,"tombstone:grave_key":3,"minecraft:raw_copper":7,"artifacts:feral_claws":1,"ecologics:walnut_sapling":4,"minecraft:cracked_stone_bricks":1,"minecraft:gold_nugget":19,"minecraft:iron_nugget":2,"minecraft:iron_pickaxe":1,"minecraft:melon_slice":95,"delightful:green_tea_leaf":2,"ecologics:crab_claw":1,"minecraft:furnace":4,"minecraft:stick":13,"minecraft:raw_iron":99,"ecologics:walnut_log":5,"ecologics:coconut_slice":9,"minecraft:torch":9,"minecraft:green_bed":1,"ecologics:coconut_seedling":2,"sophisticatedbackpacks:backpack":1,"minecraft:porkchop":3,"minecraft:diorite":5,"regions_unexplored:daisy":1,"tombstone:lollipop":1,"minecraft:stone_sword":1,"iceandfire:silver_ingot":1,"minecraft:arrow":2,"crittersandcompanions:dragonfly_wing":1,"minecraft:rotten_flesh":8,"biomesoplenty:mahogany_sapling":9,"ecologics:coconut_log":9,"crittersandcompanions:silk":5,"minecraft:gold_ingot":1,"supplementaries:ash":9,"minecraft:mutton":4,"minecraft:white_wool":2,"alexsmobs:flying_fish":1,"minecraft:cobblestone":160,"ecologics:walnut":4,"minecraft:andesite":4,"ecologics:coconut_planks":1,"biomesoplenty:glowshroom":2,"minecraft:smoker":1,"supplementaries:flax_seeds":5,"minecraft:yellow_bed":1,"minecraft:lapis_lazuli":7,"minecraft:dirt":26,"biomesoplenty:glowing_moss_carpet":1,"minecraft:bone":11,"minecraft:stone_bricks":4,"minecraft:wheat_seeds":4,"minecraft:iron_ingot":6,"minecraft:bamboo":43,"galosphere:raw_silver":11,"minecraft:iron_sword":1,"biomesoplenty:mahogany_planks":3,"regions_unexplored:bamboo_log":6,"minecraft:sand":6,"biomesoplenty:glowing_moss_block":2,"biomesoplenty:mahogany_log":50,"iceandfire:silver_pickaxe":1,"minecraft:granite":5,"minecraft:emerald":6,"minecraft:black_wool":1,"minecraft:coal":101,"iceandfire:raw_silver":31},"minecraft:dropped":{"minecraft:iron_sword":1,"iceandfire:silver_axe":1,"minecraft:iron_helmet":1,"biomesoplenty:mahogany_planks":1,"tombstone:grave_key":5,"minecraft:iron_leggings":1,"minecraft:iron_pickaxe":1,"minecraft:stone_sword":1,"minecraft:raw_iron":51,"minecraft:rotten_flesh":3,"minecraft:iron_boots":1,"minecraft:shield":1,"minecraft:iron_chestplate":1,"minecraft:andesite":2,"iceandfire:silver_pickaxe":1},"minecraft:mined":{"biomesoplenty:glowing_moss_block":2,"biomesoplenty:glowshroom":2,"iceandfire:silver_ore":24,"ecologics:coconut_planks":1,"minecraft:glow_lichen":1,"minecraft:granite":5,"minecraft:grass_block":1,"minecraft:tall_seagrass":1,"minecraft:furnace":5,"minecraft:iron_ore":98,"minecraft:andesite":2,"treechop:chopped_log":5,"minecraft:deepslate_iron_ore":2,"crittersandcompanions:silk_cocoon":1,"minecraft:bamboo":1,"minecraft:stone":93,"minecraft:green_bed":1,"minecraft:smoker":1,"minecraft:crafting_table":4,"minecraft:torch":3,"minecraft:melon":19,"biomesoplenty:mahogany_planks":3,"galosphere:silver_ore":11,"minecraft:copper_ore":2,"minecraft:cobblestone":6,"regions_unexplored:daisy":1,"minecraft:diorite":5,"minecraft:wall_torch":5,"supplementaries:urn":9,"minecraft:yellow_bed":1,"minecraft:grass":3,"minecraft:coal_ore":73,"minecraft:sand":6,"minecraft:dirt":12,"minecraft:cracked_stone_bricks":1,"minecraft:stone_bricks":2,"minecraft:fern":13},"minecraft:crafted":{"ecologics:coconut_planks":34,"biomesoplenty:mahogany_planks":198,"ecologics:walnut_planks":20,"minecraft:furnace":2,"minecraft:bone_meal":32,"minecraft:iron_boots":2,"minecraft:bow":1,"minecraft:stone_pickaxe":1,"galosphere:silver_ingot":17,"crittersandcompanions:grappling_hook":1,"iceandfire:silver_axe":1,"minecraft:cooked_porkchop":6,"iceandfire:silver_ingot":24,"minecraft:crafting_table":3,"minecraft:wooden_pickaxe":1,"minecraft:iron_helmet":2,"minecraft:stone_axe":2,"minecraft:bread":3,"minecraft:bamboo_planks":4,"minecraft:iron_chestplate":2,"minecraft:charcoal":10,"minecraft:shield":1,"minecraft:stick":56,"minecraft:iron_ingot":82,"minecraft:wooden_axe":1,"biomesoplenty:mahogany_boat":1,"minecraft:gold_ingot":2,"minecraft:iron_leggings":2,"minecraft:torch":12,"iceandfire:silver_pickaxe":2,"iceandfire:silver_sword":1,"minecraft:shears":1},"minecraft:killed":{"mca:male_zombie_villager":1,"creeperoverhaul:bamboo_creeper":1,"minecraft:skeleton":1,"minecraft:panda":1,"ecologics:coconut_crab":1,"alexsmobs:flying_fish":1,"artifacts:mimic":1,"minecraft:pig":2,"alexsmobs:seal":2,"minecraft:sheep":1,"alexsmobs:crocodile":1,"minecraft:zombie":4,"alexsmobs:elephant":1,"ecologics:squirrel":1,"alexsmobs:terrapin":1},"minecraft:used":{"biomesoplenty:mahogany_planks":76,"iceandfire:silver_sword":41,"biomesoplenty:glowshroom":1,"minecraft:iron_sword":4,"tombstone:lollipop":1,"ecologics:coconut_planks":7,"minecraft:rotten_flesh":4,"minecraft:torch":13,"minecraft:dirt":16,"minecraft:wooden_axe":2,"minecraft:iron_helmet":1,"biomesoplenty:mahogany_sapling":4,"delightful:green_tea_leaf":4,"minecraft:furnace":5,"ecologics:walnut":4,"tombstone:gift":2,"ecologics:coconut_seedling":2,"minecraft:golden_axe":17,"minecraft:diorite":1,"minecraft:stone_pickaxe":145,"minecraft:wooden_pickaxe":17,"minecraft:cracked_stone_bricks":1,"minecraft:sand":6,"minecraft:crafting_table":8,"minecraft:smoker":1,"iceandfire:silver_pickaxe":195,"sophisticatedbackpacks:backpack":1,"minecraft:bread":3,"minecraft:melon_slice":19,"tombstone:grave_key":3,"minecraft:stone_axe":86,"biomesoplenty:mahogany_boat":1,"ecologics:coconut_slice":7,"minecraft:cobblestone":6,"minecraft:cooked_porkchop":6,"minecraft:andesite":1,"minecraft:yellow_bed":1,"minecraft:bone_meal":5}},"DataVersion":3465}