{"stats":{"minecraft:crafted":{"minecraft:cooked_chicken":1,"ecologics:walnut_planks":20,"iceandfire:armor_copper_metal_boots":1,"iceandfire:armor_silver_metal_chestplate":1,"minecraft:iron_boots":3,"minecraft:bow":1,"iceandfire:armor_silver_metal_leggings":1,"iceandfire:armor_copper_metal_chestplate":1,"galosphere:silver_ingot":22,"iceandfire:silver_axe":2,"minecraft:emerald":11,"dungeonnowloading:spawner_frame":4,"minecraft:cooked_porkchop":6,"minecraft:crafting_table":8,"minecraft:iron_helmet":3,"minecraft:wooden_pickaxe":1,"minecraft:baked_potato":5,"minecraft:copper_ingot":31,"minecraft:bamboo_planks":4,"farmersdelight:golden_knife":1,"minecraft:iron_chestplate":3,"minecraft:charcoal":10,"minecraft:emerald_block":5,"minecraft:shield":1,"aquaculture:iron_hook":1,"minecraft:stick":56,"minecraft:iron_ingot":90,"biomesoplenty:mahogany_boat":3,"minecraft:gold_ingot":27,"aquaculture:iron_fishing_rod":1,"iceandfire:silver_sword":1,"minecraft:shears":1,"biomesoplenty:mahogany_fence":3,"minecraft:fishing_rod":1,"ecologics:coconut_planks":34,"biomesoplenty:mahogany_planks":378,"quark:jungle_chest":5,"minecraft:furnace":3,"graveyard:dark_iron_ingot":2,"iceandfire:armor_copper_metal_leggings":1,"minecraft:bone_meal":224,"iceandfire:armor_copper_metal_helmet":1,"sophisticatedstorage:upgrade_base":1,"minecraft:stone_pickaxe":1,"crittersandcompanions:grappling_hook":3,"minecraft:wheat":54,"aquaculture:redstone_hook":1,"biomesoplenty:dead_planks":20,"ironchest:wood_to_iron_chest_upgrade":2,"minecraft:diamond_sword":1,"iceandfire:silver_ingot":25,"sophisticatedstorage:crafting_upgrade":1,"minecraft:cooked_salmon":4,"minecraft:stone_axe":2,"minecraft:bread":50,"minecraft:air":0,"minecraft:jungle_planks":44,"regions_unexplored:redwood_planks":2,"minecraft:wooden_axe":1,"minecraft:iron_leggings":3,"minecraft:torch":12,"iceandfire:silver_pickaxe":2,"iceandfire:silver_hoe":1},"minecraft:used":{"stalwart_dungeons:iron_hammer":2,"supplementaries:hourglass":1,"minecraft:iron_sword":237,"tombstone:lollipop":7,"ecologics:coconut_planks":7,"minecraft:rotten_flesh":4,"minecraft:cocoa_beans":1,"minecraft:carrot":4,"ironchest:iron_chest":4,"farmersdelight:steak_and_potatoes":1,"blue_skies:winter_leaf_seeds":3,"iceandfire:armor_silver_metal_leggings":1,"minecraft:iron_helmet":1,"biomesoplenty:mahogany_sapling":4,"delightful:green_tea_leaf":6,"minecraft:sweet_berries":15,"minecraft:furnace":6,"minecraft:egg":1,"minecraft:diorite":15,"minecraft:stone_pickaxe":145,"minecraft:wooden_pickaxe":17,"blue_skies:winter_leaves":8,"minecraft:glow_berries":6,"minecraft:sand":6,"alexscaves:cave_book":4,"minecraft:blast_furnace":1,"iceandfire:silver_axe":264,"iceandfire:silver_pickaxe":530,"sophisticatedbackpacks:backpack":1,"minecraft:bread":46,"minecraft:melon_slice":134,"tombstone:grave_key":10,"minecraft:gravel":1,"supplementaries:flax_seeds":10,"ecologics:coconut_slice":7,"minecraft:diamond_sword":39,"minecraft:andesite":9,"minecraft:bone_meal":146,"minecraft:cobweb":7,"ironchest:wood_to_iron_chest_upgrade":2,"minecraft:oak_fence":1,"biomesoplenty:mahogany_planks":97,"iceandfire:armor_copper_metal_leggings":1,"iceandfire:silver_sword":41,"quark:jungle_chest":5,"biomesoplenty:glowshroom":1,"minecraft:cooked_chicken":1,"minecraft:stick":5,"minecraft:torch":84,"minecraft:dirt":26,"minecraft:anvil":1,"minecraft:spruce_fence":1,"minecraft:wooden_axe":2,"aquaculture:iron_fishing_rod":1,"minecraft:iron_axe":108,"travelersbackpack:snow":136,"alexscaves:spelunkery_table":1,"minecraft:bamboo":3,"ecologics:walnut":4,"alexsmobs:banana":1,"tombstone:gift":8,"ecologics:coconut_seedling":2,"minecraft:cobbled_deepslate":32,"minecraft:brown_bed":1,"minecraft:golden_axe":17,"minecraft:wheat_seeds":22,"minecraft:water_bucket":10,"minecraft:baked_potato":2,"farmersdelight:golden_knife":1,"minecraft:brown_mushroom":1,"minecraft:cracked_stone_bricks":1,"minecraft:mossy_cobblestone":1,"minecraft:crafting_table":12,"minecraft:red_bed":1,"minecraft:spider_eye":2,"minecraft:smoker":1,"tombstone:bag_of_seeds":2,"minecraft:diamond_pickaxe":91,"minecraft:apple":12,"mcwbridges:bridge_torch":2,"minecraft:iron_pickaxe":75,"tombstone:magic_scroll":3,"biomesoplenty:mahogany_boat":6,"minecraft:stone_axe":148,"minecraft:fishing_rod":9,"iceandfire:silver_hoe":24,"minecraft:enchanted_book":3,"minecraft:cobblestone":110,"illagerinvasion:platinum_infused_hatchet":6,"minecraft:cooked_porkchop":6,"minecraft:bucket":10,"minecraft:yellow_bed":1},"minecraft:killed":{"minecraft:cave_spider":1,"graveyard:skeleton_creeper":1,"minecraft:spider":11,"endermanoverhaul:dark_oak_enderman":1,"alexsmobs:murmur":1,"creeperoverhaul:bamboo_creeper":4,"minecraft:skeleton":21,"alexsmobs:leafcutter_ant":1,"minecraft:chicken":1,"illagerinvasion:provoker":2,"ecologics:coconut_crab":1,"minecraft:silverfish":1,"mowziesmobs:foliaath":1,"artifacts:mimic":1,"minecraft:pig":2,"alexsmobs:seal":2,"minecraft:creeper":2,"minecraft:sheep":1,"minecraft:pillager":2,"tinyskeletons:baby_skeleton":4,"minecraft:zombie":57,"alexsmobs:terrapin":1,"minecraft:glow_squid":1,"mca:female_zombie_villager":1,"mca:male_zombie_villager":1,"minecraft:vindicator":6,"illagerinvasion:marauder":1,"quark:toretoise":2,"crittersandcompanions:dragonfly":2,"alexsmobs:gorilla":1,"minecraft:panda":1,"minecraft:drowned":4,"crittersandcompanions:otter":1,"goblintraders:goblin_trader":1,"alexsmobs:flying_fish":1,"minecraft:husk":3,"alexsmobs:crocodile":1,"alexsmobs:elephant":1,"iceandfire:ghost":1,"ecologics:squirrel":1,"alexsmobs:crow":1,"minecraft:player":2},"minecraft:custom":{"lootr:looted_stat":22,"minecraft:interact_with_crafting_table":107,"minecraft:open_barrel":1,"goblintraders:trade_with_goblin":2,"minecraft:leave_game":6,"minecraft:time_since_death":58943,"minecraft:sprint_one_cm":853144,"minecraft:drop":217,"tombstone:eaten_lollipop":7,"minecraft:talked_to_villager":1,"minecraft:deaths":19,"minecraft:play_time":425846,"tombstone:tomb_raiding":1,"minecraft:jump":4160,"minecraft:walk_on_water_one_cm":84514,"minecraft:interact_with_furnace":105,"minecraft:interact_with_loom":13,"minecraft:sleep_in_bed":4,"minecraft:damage_dealt":32168,"minecraft:player_kills":1,"minecraft:crouch_one_cm":8122,"tombstone:undead_killed":94,"minecraft:interact_with_smoker":7,"minecraft:interact_with_anvil":7,"minecraft:mob_kills":154,"minecraft:damage_dealt_resisted":104,"minecraft:climb_one_cm":8730,"minecraft:walk_one_cm":1114409,"minecraft:damage_dealt_absorbed":211,"minecraft:sneak_time":4818,"minecraft:walk_under_water_one_cm":62675,"minecraft:boat_one_cm":30067,"minecraft:interact_with_blast_furnace":7,"minecraft:total_world_time":425846,"tombstone:raider_killed":11,"minecraft:tune_noteblock":12,"minecraft:time_since_rest":58885,"minecraft:damage_taken":12375,"minecraft:trigger_trapped_chest":3,"minecraft:swim_one_cm":25694,"minecraft:fly_one_cm":456428,"minecraft:open_chest":333,"minecraft:fall_one_cm":100250},"minecraft:dropped":{"minecraft:iron_sword":2,"minecraft:brown_mushroom":2,"crittersandcompanions:clam":1,"iceandfire:silver_axe":2,"minecraft:baked_potato":3,"minecraft:diamond":43,"minecraft:crafting_table":2,"aquaculture:redstone_hook":1,"biomesoplenty:black_sand":1,"dungeonnowloading:cobblestone_pebble":9,"travelersbackpack:snow":2,"biomesoplenty:mahogany_planks":127,"minecraft:leather":3,"iceandfire:ectoplasm":5,"delightful:cantaloupe_seeds":2,"graveyard:corruption":2,"minecraft:dirt":68,"iceandfire:armor_copper_metal_boots":1,"alexsmobs:emu_feather":1,"minecraft:iron_pickaxe":2,"biomesoplenty:mahogany_slab":128,"minecraft:gold_ingot":2,"minecraft:stone_axe":2,"minecraft:sugar_cane":2,"alexscaves:cave_tablet":5,"minecraft:rotten_flesh":27,"supplementaries:flax_seeds":10,"supplementaries:ash":37,"more_bows_and_arrows:amethyst_bow":2,"minecraft:arrow":1,"biomesoplenty:mahogany_sapling":44,"iceandfire:armor_copper_metal_leggings":1,"iceandfire:silver_pickaxe":1,"biomesoplenty:mahogany_log":22,"minecraft:enchanted_book":4,"minecraft:stone_hoe":2,"minecraft:water_bucket":1,"minecraft:bread":10,"minecraft:wheat_seeds":76,"minecraft:mossy_cobblestone":4,"iceandfire:armor_copper_metal_chestplate":1,"minecraft:iron_helmet":4,"minecraft:cobblestone":225,"chipped:dark_oak_torch":60,"minecraft:book":6,"stalwart_dungeons:iron_hammer":1,"crittersandcompanions:dragonfly_wing":2,"minecraft:copper_ingot":1,"minecraft:stick":7,"biomesoplenty:mahogany_fence":5,"biomesoplenty:orange_sand":1,"farmersdelight:golden_knife":3,"galosphere:raw_silver":1,"tombstone:grave_key":5,"minecraft:cooked_salmon":1,"minecraft:jungle_door":1,"minecraft:zombie_head":3,"tombstone:grave_dust":22,"minecraft:iron_leggings":3,"minecraft:paper":2,"minecraft:lily_pad":1,"sophisticatedbackpacks:crafting_upgrade":1,"minecraft:string":1,"minecraft:bucket":1,"biomesoplenty:dried_salt":1472,"minecraft:cocoa_beans":9,"minecraft:stone_sword":2,"minecraft:raw_copper":21,"minecraft:bowl":1,"minecraft:raw_iron":51,"minecraft:stone_shovel":1,"minecraft:iron_boots":3,"minecraft:name_tag":1,"iceandfire:armor_copper_metal_helmet":1,"minecraft:shears":1,"minecraft:big_dripleaf":2,"minecraft:potato":5,"minecraft:cobblestone_slab":6,"minecraft:shield":2,"minecraft:iron_chestplate":3,"minecraft:andesite":2,"minecraft:wooden_shovel":1,"minecraft:stone_pressure_plate":37,"minecraft:spider_eye":4,"minecraft:diamond_boots":2,"sophisticatedbackpacks:copper_backpack":1,"minecraft:stone_pickaxe":4,"minecraft:wooden_pickaxe":2,"crittersandcompanions:grappling_hook":4},"minecraft:mined":{"minecraft:stone_pressure_plate":44,"biomesoplenty:glowshroom":2,"alexsmobs:leafcutter_anthill":1,"minecraft:obsidian":1,"minecraft:granite":12,"minecraft:grass_block":10,"minecraft:infested_cobblestone":6,"quark:yellow_corundum":1,"minecraft:tall_seagrass":2,"minecraft:mossy_cobblestone_stairs":3,"minecraft:fire":2,"minecraft:iron_ore":101,"minecraft:sticky_piston":1,"minecraft:cobbled_deepslate":32,"minecraft:deepslate_lapis_ore":1,"minecraft:anvil":1,"minecraft:brown_bed":1,"biomesoplenty:glowshroom_block":2,"supplementaries:stick":2,"minecraft:cave_vines":3,"minecraft:iron_bars":1,"minecraft:green_bed":1,"minecraft:piston_head":1,"minecraft:brown_mushroom":3,"minecraft:red_bed":1,"supplementaries:book_pile":2,"biomesoplenty:glowworm_silk":1,"minecraft:smoker":1,"minecraft:torch":32,"minecraft:blast_furnace":1,"minecraft:melon":43,"galosphere:silver_ore":13,"minecraft:mushroom_stem":16,"minecraft:cobblestone":77,"minecraft:wall_torch":11,"minecraft:seagrass":1,"minecraft:wheat":12,"minecraft:grass":11,"minecraft:sand":6,"minecraft:dirt":28,"quark:yellow_corundum_cluster":1,"minecraft:oak_leaves":5,"minecraft:deepslate":81,"minecraft:emerald_block":1,"biomesoplenty:glowing_moss_block":2,"minecraft:tuff":1,"iceandfire:silver_ore":25,"ecologics:coconut_planks":1,"minecraft:mossy_cobblestone":5,"minecraft:deepslate_diamond_ore":9,"minecraft:glow_lichen":1,"minecraft:spruce_fence":1,"quark:jungle_chest":1,"quark:orange_corundum_cluster":1,"minecraft:hay_block":6,"minecraft:redstone_ore":2,"minecraft:oak_trapdoor":1,"minecraft:furnace":7,"quark:orange_corundum":6,"minecraft:andesite":16,"treechop:chopped_log":10,"minecraft:bookshelf":3,"minecraft:deepslate_iron_ore":2,"minecraft:vine":3,"crittersandcompanions:silk_cocoon":2,"ironchest:iron_chest":4,"minecraft:bamboo":1,"minecraft:stone":208,"biomesoplenty:black_sand":1,"minecraft:observer":1,"galosphere:deepslate_silver_ore":4,"minecraft:crafting_table":5,"biomesoplenty:mahogany_planks":3,"minecraft:copper_ore":3,"minecraft:tall_grass":2,"minecraft:lapis_ore":2,"regions_unexplored:daisy":1,"minecraft:diorite":25,"supplementaries:urn":66,"minecraft:sweet_berry_bush":3,"minecraft:yellow_bed":1,"minecraft:coal_ore":75,"minecraft:cocoa":6,"minecraft:gravel":4,"minecraft:cobweb":7,"minecraft:cracked_stone_bricks":1,"minecraft:stone_bricks":7,"minecraft:mossy_stone_bricks":2,"minecraft:fern":45},"minecraft:broken":{"minecraft:iron_boots":1,"iceandfire:silver_pickaxe":1,"minecraft:stone_pickaxe":1,"minecraft:iron_sword":1,"aether:iron_gloves":1,"minecraft:golden_axe":1},"minecraft:picked_up":{"minecraft:wheat":72,"minecraft:anvil":1,"illagerinvasion:platinum_chunk":2,"quark:orange_corundum":4,"minecraft:lead":2,"alexscaves:cave_tablet":4,"galosphere:silver_ingot":4,"minecraft:enchanted_book":17,"minecraft:infested_stone":19,"tombstone:grave_key":3,"crittersandcompanions:grappling_hook":2,"minecraft:string":20,"minecraft:raw_copper":51,"minecraft:sticky_piston":1,"minecraft:zombie_head":3,"illagerinvasion:platinum_infused_hatchet":1,"supplementaries:hourglass":1,"minecraft:cobbled_deepslate":145,"minecraft:gold_nugget":100,"alexsmobs:banana":1,"minecraft:bucket":1,"mcwbridges:bridge_torch":2,"minecraft:cobblestone_slab":18,"minecraft:wooden_shovel":3,"minecraft:iron_pickaxe":1,"minecraft:melon_slice":210,"delightful:green_tea_leaf":5,"ecologics:crab_claw":1,"regions_unexplored:redwood_log":96,"minecraft:iron_boots":2,"minecraft:furnace":6,"minecraft:stick":91,"minecraft:jungle_door":3,"ecologics:walnut_log":5,"minecraft:big_dripleaf":2,"minecraft:green_bed":1,"minecraft:oak_fence":1,"minecraft:torch":60,"ecologics:coconut_seedling":2,"minecraft:porkchop":3,"quark:yellow_corundum_cluster":1,"tombstone:grave_dust":24,"minecraft:diorite":19,"supplementaries:flax":1,"regions_unexplored:daisy":1,"tombstone:lollipop":7,"minecraft:stone_sword":1,"crittersandcompanions:dragonfly_wing":6,"minecraft:rotten_flesh":69,"biomesoplenty:mahogany_sapling":67,"ecologics:coconut_log":9,"supplementaries:antique_ink":8,"supplementaries:ash":66,"minecraft:obsidian":1,"alexsmobs:flying_fish":1,"minecraft:cobblestone":733,"ecologics:walnut":4,"minecraft:feather":1,"minecraft:andesite":18,"minecraft:water_bucket":2,"biomesoplenty:dried_salt":4374,"minecraft:jungle_log":11,"ecologics:coconut_planks":1,"biomesoplenty:glowshroom":2,"minecraft:smoker":1,"minecraft:potato":5,"biomesoplenty:dead_log":5,"alexscaves:cave_book":1,"minecraft:tuff":1,"biomesoplenty:mahogany_boat":3,"supplementaries:flax_seeds":22,"minecraft:lapis_lazuli":19,"minecraft:dirt":167,"minecraft:lantern":1,"minecraft:name_tag":3,"minecraft:bone":98,"minecraft:wheat_seeds":170,"minecraft:raw_gold":8,"minecraft:bamboo":48,"galosphere:raw_silver":17,"biomesoplenty:mahogany_planks":144,"regions_unexplored:bamboo_log":6,"minecraft:sand":6,"minecraft:mossy_cobblestone":6,"minecraft:bundle":2,"minecraft:diamond":8,"minecraft:granite":5,"minecraft:emerald":20,"minecraft:bread":6,"minecraft:oak_sapling":2,"iceandfire:raw_silver":32,"more_bows_and_arrows:amethyst_bow":2,"minecraft:cocoa_beans":13,"minecraft:crafting_table":8,"minecraft:chicken":1,"minecraft:brown_mushroom":3,"minecraft:wooden_pickaxe":4,"dungeonnowloading:cobblestone_pebble":27,"minecraft:shield":2,"alexscaves:cave_codex":1,"minecraft:oak_trapdoor":1,"minecraft:red_bed":1,"artifacts:feral_claws":1,"ecologics:walnut_sapling":4,"graveyard:corruption":5,"minecraft:cracked_stone_bricks":1,"biomesoplenty:black_sand":1,"alexsmobs:elastic_tendon":2,"minecraft:jungle_sapling":3,"minecraft:iron_nugget":43,"minecraft:sugar_cane":6,"farmersdelight:golden_knife":1,"crittersandcompanions:clam":4,"quark:orange_corundum_cluster":8,"minecraft:egg":2,"minecraft:raw_iron":102,"ecologics:coconut_slice":9,"sophisticatedbackpacks:crafting_upgrade":1,"minecraft:copper_ingot":1,"ironchest:iron_chest":4,"minecraft:spruce_fence":1,"quark:jungle_chest":1,"sophisticatedbackpacks:backpack":1,"blue_skies:winter_leaves":8,"minecraft:music_disc_11":1,"minecraft:carrot":2,"minecraft:redstone":10,"minecraft:stone_pressure_plate":40,"quark:yellow_corundum":1,"travelersbackpack:snow":2,"minecraft:stone_shovel":3,"iceandfire:silver_ingot":1,"minecraft:arrow":15,"minecraft:diamond_boots":3,"crittersandcompanions:silk":8,"minecraft:hay_block":6,"alexscaves:spelunkery_table":1,"minecraft:gold_ingot":28,"sophisticatedbackpacks:copper_backpack":1,"minecraft:glow_berries":3,"minecraft:mutton":4,"minecraft:skeleton_skull":1,"minecraft:white_wool":2,"minecraft:glow_ink_sac":2,"minecraft:salmon":1,"minecraft:lily_pad":1,"minecraft:yellow_bed":1,"minecraft:gunpowder":4,"minecraft:paper":10,"biomesoplenty:glowing_moss_carpet":1,"biomesoplenty:mahogany_slab":499,"minecraft:podzol":1,"minecraft:apple":1,"minecraft:stone_bricks":9,"minecraft:iron_ingot":9,"regions_unexplored:redwood_sapling":16,"minecraft:stone_pickaxe":5,"minecraft:cobweb":11,"artifacts:kitty_slippers":1,"tombstone:bag_of_seeds":1,"minecraft:iron_sword":1,"minecraft:book":21,"blue_skies:winter_leaf_seeds":14,"minecraft:emerald_block":1,"minecraft:gravel":6,"minecraft:blast_furnace":1,"artifacts:scarf_of_invisibility":1,"biomesoplenty:glowing_moss_block":2,"minecraft:spider_eye":7,"iceandfire:silver_pickaxe":1,"biomesoplenty:mahogany_log":114,"minecraft:slime_ball":1,"minecraft:iron_helmet":1,"tombstone:magic_scroll":3,"minecraft:black_wool":1,"aquaculture:redstone_hook":1,"minecraft:coal":110,"minecraft:ender_pearl":1}},"DataVersion":3465}