{"stats":{"minecraft:dropped":{"iceandfire:silver_axe":1,"minecraft:rotten_flesh":3,"tombstone:grave_key":5,"minecraft:andesite":2,"iceandfire:silver_pickaxe":1},"minecraft:killed":{"minecraft:pig":2,"mca:male_zombie_villager":1,"alexsmobs:seal":2,"creeperoverhaul:bamboo_creeper":1,"minecraft:sheep":1,"minecraft:skeleton":1,"alexsmobs:crocodile":1,"minecraft:zombie":3,"alexsmobs:elephant":1,"ecologics:squirrel":1,"minecraft:panda":1,"ecologics:coconut_crab":1,"alexsmobs:flying_fish":1},"minecraft:broken":{"minecraft:golden_axe":1},"minecraft:mined":{"iceandfire:silver_ore":12,"ecologics:coconut_planks":1,"minecraft:crafting_table":3,"minecraft:glow_lichen":1,"minecraft:melon":19,"minecraft:cobblestone":5,"regions_unexplored:daisy":1,"minecraft:wall_torch":2,"supplementaries:urn":1,"minecraft:tall_seagrass":1,"minecraft:furnace":4,"minecraft:iron_ore":19,"treechop:chopped_log":4,"minecraft:grass":2,"minecraft:coal_ore":11,"minecraft:sand":6,"minecraft:cracked_stone_bricks":1,"minecraft:bamboo":1,"minecraft:stone_bricks":2,"minecraft:stone":28,"minecraft:fern":13,"minecraft:green_bed":1},"minecraft:picked_up":{"ecologics:walnut":4,"minecraft:crafting_table":5,"minecraft:andesite":2,"ecologics:coconut_planks":1,"minecraft:lead":1,"galosphere:silver_ingot":4,"tombstone:grave_key":3,"minecraft:lapis_lazuli":7,"minecraft:dirt":13,"minecraft:bone":2,"ecologics:walnut_sapling":4,"minecraft:stone_bricks":4,"minecraft:cracked_stone_bricks":1,"minecraft:wheat_seeds":4,"minecraft:iron_ingot":1,"minecraft:bamboo":43,"minecraft:melon_slice":95,"delightful:green_tea_leaf":1,"regions_unexplored:bamboo_log":6,"ecologics:crab_claw":1,"minecraft:furnace":3,"minecraft:stick":3,"minecraft:raw_iron":20,"ecologics:walnut_log":5,"ecologics:coconut_slice":9,"ecologics:coconut_seedling":2,"minecraft:torch":4,"minecraft:green_bed":1,"sophisticatedbackpacks:backpack":1,"minecraft:porkchop":3,"minecraft:sand":6,"regions_unexplored:daisy":1,"tombstone:lollipop":1,"biomesoplenty:mahogany_log":24,"iceandfire:silver_pickaxe":1,"minecraft:arrow":2,"minecraft:rotten_flesh":6,"biomesoplenty:mahogany_sapling":4,"ecologics:coconut_log":9,"supplementaries:ash":2,"alexsmobs:flying_fish":1,"minecraft:black_wool":1,"minecraft:mutton":4,"minecraft:coal":9,"iceandfire:raw_silver":11,"minecraft:white_wool":2,"minecraft:cobblestone":32},"minecraft:used":{"biomesoplenty:mahogany_planks":3,"iceandfire:silver_sword":41,"minecraft:stone_pickaxe":11,"minecraft:wooden_pickaxe":17,"tombstone:lollipop":1,"ecologics:coconut_planks":7,"minecraft:rotten_flesh":2,"minecraft:cracked_stone_bricks":1,"minecraft:torch":7,"minecraft:dirt":8,"minecraft:sand":6,"minecraft:crafting_table":6,"iceandfire:silver_pickaxe":69,"minecraft:wooden_axe":2,"sophisticatedbackpacks:backpack":1,"minecraft:melon_slice":19,"tombstone:grave_key":3,"biomesoplenty:mahogany_boat":1,"delightful:green_tea_leaf":1,"minecraft:stone_axe":44,"ecologics:coconut_slice":7,"minecraft:cobblestone":5,"minecraft:furnace":4,"minecraft:cooked_porkchop":6,"ecologics:walnut":4,"tombstone:gift":2,"ecologics:coconut_seedling":2,"minecraft:golden_axe":17},"minecraft:custom":{"minecraft:interact_with_furnace":34,"lootr:looted_stat":2,"minecraft:mob_kills":18,"minecraft:interact_with_crafting_table":14,"minecraft:leave_game":1,"minecraft:time_since_death":445,"minecraft:sleep_in_bed":2,"minecraft:climb_one_cm":1738,"minecraft:time_since_rest":328,"minecraft:sprint_one_cm":184149,"minecraft:damage_taken":1697,"minecraft:walk_one_cm":200015,"minecraft:drop":12,"tombstone:eaten_lollipop":1,"minecraft:damage_dealt":3342,"minecraft:swim_one_cm":12517,"minecraft:fly_one_cm":88823,"minecraft:crouch_one_cm":75,"minecraft:play_time":66992,"tombstone:undead_killed":5,"minecraft:deaths":2,"minecraft:sneak_time":439,"minecraft:walk_under_water_one_cm":21329,"minecraft:jump":754,"minecraft:walk_on_water_one_cm":9929,"minecraft:total_world_time":66992,"minecraft:fall_one_cm":12800},"minecraft:crafted":{"iceandfire:silver_axe":1,"iceandfire:silver_ingot":13,"minecraft:cooked_porkchop":6,"minecraft:crafting_table":2,"ecologics:coconut_planks":34,"biomesoplenty:mahogany_planks":94,"ecologics:walnut_planks":20,"minecraft:wooden_pickaxe":1,"minecraft:furnace":1,"minecraft:bone_meal":5,"minecraft:stone_axe":1,"minecraft:bamboo_planks":4,"minecraft:bow":1,"minecraft:stick":28,"minecraft:iron_ingot":3,"minecraft:stone_pickaxe":1,"minecraft:wooden_axe":1,"biomesoplenty:mahogany_boat":1,"galosphere:silver_ingot":6,"minecraft:torch":8,"iceandfire:silver_pickaxe":1,"iceandfire:silver_sword":1}},"DataVersion":3465}