{"stats":{"minecraft:broken":{"minecraft:stone_pickaxe":1,"minecraft:golden_axe":1},"minecraft:custom":{"lootr:looted_stat":8,"minecraft:mob_kills":66,"minecraft:interact_with_crafting_table":66,"minecraft:leave_game":2,"minecraft:time_since_death":43375,"minecraft:climb_one_cm":2787,"minecraft:sprint_one_cm":459353,"minecraft:walk_one_cm":501986,"minecraft:drop":76,"tombstone:eaten_lollipop":2,"minecraft:talked_to_villager":1,"minecraft:sneak_time":2510,"minecraft:play_time":191529,"minecraft:deaths":8,"minecraft:walk_under_water_one_cm":34671,"minecraft:boat_one_cm":30067,"minecraft:jump":2010,"minecraft:walk_on_water_one_cm":34876,"minecraft:total_world_time":191529,"minecraft:interact_with_furnace":87,"minecraft:sleep_in_bed":3,"minecraft:time_since_rest":43131,"minecraft:damage_taken":4371,"minecraft:damage_dealt":14271,"minecraft:swim_one_cm":23589,"minecraft:fly_one_cm":202079,"minecraft:open_chest":83,"minecraft:crouch_one_cm":3239,"tombstone:undead_killed":38,"minecraft:interact_with_smoker":3,"minecraft:fall_one_cm":33087},"minecraft:picked_up":{"minecraft:cocoa_beans":3,"minecraft:crafting_table":6,"minecraft:chicken":1,"minecraft:anvil":1,"minecraft:lead":2,"minecraft:wooden_pickaxe":3,"dungeonnowloading:cobblestone_pebble":18,"galosphere:silver_ingot":4,"minecraft:enchanted_book":5,"minecraft:infested_stone":19,"tombstone:grave_key":3,"minecraft:string":6,"minecraft:raw_copper":30,"artifacts:feral_claws":1,"ecologics:walnut_sapling":4,"graveyard:corruption":5,"minecraft:cracked_stone_bricks":1,"supplementaries:hourglass":1,"minecraft:gold_nugget":37,"minecraft:cobbled_deepslate":35,"mcwbridges:bridge_torch":2,"minecraft:cobblestone_slab":12,"minecraft:wooden_shovel":2,"minecraft:iron_nugget":19,"minecraft:iron_pickaxe":1,"minecraft:sugar_cane":4,"minecraft:melon_slice":142,"delightful:green_tea_leaf":3,"farmersdelight:golden_knife":1,"crittersandcompanions:clam":2,"minecraft:egg":2,"ecologics:crab_claw":1,"minecraft:furnace":4,"minecraft:stick":74,"minecraft:raw_iron":102,"minecraft:jungle_door":2,"ecologics:walnut_log":5,"ecologics:coconut_slice":9,"quark:jungle_chest":1,"minecraft:torch":23,"minecraft:green_bed":1,"ecologics:coconut_seedling":2,"ironchest:iron_chest":3,"sophisticatedbackpacks:backpack":1,"minecraft:porkchop":3,"minecraft:music_disc_11":1,"tombstone:grave_dust":10,"minecraft:diorite":5,"minecraft:carrot":2,"minecraft:redstone":10,"minecraft:stone_shovel":2,"regions_unexplored:daisy":1,"tombstone:lollipop":3,"travelersbackpack:snow":1,"minecraft:stone_sword":1,"iceandfire:silver_ingot":1,"minecraft:arrow":11,"crittersandcompanions:dragonfly_wing":4,"minecraft:rotten_flesh":27,"biomesoplenty:mahogany_sapling":27,"ecologics:coconut_log":9,"crittersandcompanions:silk":5,"minecraft:gold_ingot":6,"supplementaries:ash":29,"minecraft:mutton":4,"minecraft:white_wool":2,"alexsmobs:flying_fish":1,"minecraft:cobblestone":523,"ecologics:walnut":4,"minecraft:water_bucket":2,"biomesoplenty:dried_salt":2534,"minecraft:andesite":10,"ecologics:coconut_planks":1,"biomesoplenty:glowshroom":2,"minecraft:smoker":1,"biomesoplenty:dead_log":5,"supplementaries:flax_seeds":10,"minecraft:yellow_bed":1,"minecraft:gunpowder":2,"minecraft:lapis_lazuli":19,"minecraft:dirt":109,"biomesoplenty:mahogany_slab":285,"biomesoplenty:glowing_moss_carpet":1,"minecraft:name_tag":2,"minecraft:podzol":1,"minecraft:bone":28,"minecraft:stone_bricks":4,"minecraft:wheat_seeds":11,"minecraft:raw_gold":8,"minecraft:stone_pickaxe":4,"minecraft:iron_ingot":6,"minecraft:cobweb":4,"tombstone:bag_of_seeds":1,"minecraft:bamboo":43,"galosphere:raw_silver":16,"minecraft:iron_sword":1,"biomesoplenty:mahogany_planks":5,"regions_unexplored:bamboo_log":6,"minecraft:gravel":2,"minecraft:sand":6,"biomesoplenty:glowing_moss_block":2,"minecraft:spider_eye":4,"minecraft:bundle":1,"biomesoplenty:mahogany_log":76,"iceandfire:silver_pickaxe":1,"minecraft:diamond":3,"minecraft:granite":5,"minecraft:bread":6,"minecraft:emerald":12,"tombstone:magic_scroll":2,"minecraft:black_wool":1,"minecraft:coal":101,"iceandfire:raw_silver":32,"minecraft:ender_pearl":1},"minecraft:mined":{"biomesoplenty:glowing_moss_block":2,"biomesoplenty:glowshroom":2,"iceandfire:silver_ore":25,"ecologics:coconut_planks":1,"minecraft:deepslate_diamond_ore":3,"minecraft:glow_lichen":1,"minecraft:granite":5,"minecraft:grass_block":7,"quark:jungle_chest":1,"minecraft:tall_seagrass":2,"minecraft:redstone_ore":2,"minecraft:furnace":5,"minecraft:iron_ore":101,"minecraft:andesite":8,"treechop:chopped_log":7,"minecraft:anvil":1,"minecraft:deepslate_iron_ore":2,"crittersandcompanions:silk_cocoon":1,"ironchest:iron_chest":3,"minecraft:bamboo":1,"minecraft:stone":143,"minecraft:green_bed":1,"supplementaries:book_pile":1,"biomesoplenty:glowworm_silk":1,"minecraft:smoker":1,"galosphere:deepslate_silver_ore":4,"minecraft:crafting_table":4,"minecraft:torch":12,"minecraft:melon":29,"biomesoplenty:mahogany_planks":3,"galosphere:silver_ore":12,"minecraft:copper_ore":3,"minecraft:cobblestone":7,"minecraft:lapis_ore":2,"regions_unexplored:daisy":1,"minecraft:diorite":5,"minecraft:wall_torch":6,"supplementaries:urn":23,"minecraft:seagrass":1,"minecraft:yellow_bed":1,"minecraft:grass":5,"minecraft:coal_ore":73,"minecraft:cocoa":1,"minecraft:gravel":2,"minecraft:sand":6,"minecraft:dirt":20,"minecraft:cracked_stone_bricks":1,"minecraft:stone_bricks":2,"minecraft:deepslate":33,"minecraft:fern":17},"minecraft:dropped":{"minecraft:enchanted_book":1,"minecraft:water_bucket":1,"minecraft:iron_sword":1,"minecraft:wheat_seeds":3,"iceandfire:silver_axe":1,"minecraft:iron_helmet":1,"minecraft:cobblestone":166,"dungeonnowloading:cobblestone_pebble":9,"biomesoplenty:mahogany_planks":2,"graveyard:corruption":2,"biomesoplenty:mahogany_fence":3,"minecraft:dirt":64,"farmersdelight:golden_knife":2,"tombstone:grave_key":5,"minecraft:jungle_door":1,"minecraft:iron_leggings":1,"minecraft:iron_pickaxe":1,"minecraft:string":1,"biomesoplenty:mahogany_slab":64,"biomesoplenty:dried_salt":1472,"minecraft:sugar_cane":2,"minecraft:stone_sword":1,"minecraft:stone_shovel":1,"minecraft:raw_iron":51,"minecraft:rotten_flesh":3,"minecraft:iron_boots":1,"minecraft:name_tag":1,"minecraft:cobblestone_slab":6,"minecraft:shield":1,"minecraft:iron_chestplate":1,"minecraft:andesite":2,"minecraft:wooden_shovel":1,"minecraft:spider_eye":2,"biomesoplenty:mahogany_sapling":8,"minecraft:stone_pickaxe":2,"minecraft:wooden_pickaxe":2,"iceandfire:silver_pickaxe":1},"minecraft:killed":{"minecraft:cave_spider":1,"mca:male_zombie_villager":1,"minecraft:spider":4,"endermanoverhaul:dark_oak_enderman":1,"quark:toretoise":1,"crittersandcompanions:dragonfly":2,"creeperoverhaul:bamboo_creeper":1,"minecraft:skeleton":7,"minecraft:panda":1,"minecraft:chicken":1,"minecraft:silverfish":1,"crittersandcompanions:otter":1,"ecologics:coconut_crab":1,"minecraft:drowned":2,"goblintraders:goblin_trader":1,"alexsmobs:flying_fish":1,"artifacts:mimic":1,"minecraft:husk":2,"minecraft:pig":2,"alexsmobs:seal":2,"minecraft:sheep":1,"tinyskeletons:baby_skeleton":2,"alexsmobs:crocodile":1,"minecraft:zombie":24,"alexsmobs:elephant":1,"ecologics:squirrel":1,"alexsmobs:terrapin":1},"minecraft:crafted":{"biomesoplenty:mahogany_fence":3,"ecologics:coconut_planks":34,"biomesoplenty:mahogany_planks":294,"ecologics:walnut_planks":20,"minecraft:furnace":2,"graveyard:dark_iron_ingot":2,"iceandfire:armor_copper_metal_leggings":1,"minecraft:bone_meal":32,"iceandfire:armor_copper_metal_boots":1,"iceandfire:armor_copper_metal_helmet":1,"sophisticatedstorage:upgrade_base":1,"minecraft:iron_boots":2,"minecraft:bow":1,"iceandfire:armor_copper_metal_chestplate":1,"minecraft:stone_pickaxe":1,"galosphere:silver_ingot":22,"crittersandcompanions:grappling_hook":1,"iceandfire:silver_axe":1,"biomesoplenty:dead_planks":20,"ironchest:wood_to_iron_chest_upgrade":2,"minecraft:cooked_porkchop":6,"iceandfire:silver_ingot":24,"minecraft:crafting_table":5,"minecraft:wooden_pickaxe":1,"minecraft:iron_helmet":2,"sophisticatedstorage:crafting_upgrade":1,"minecraft:copper_ingot":31,"minecraft:stone_axe":2,"minecraft:air":0,"minecraft:bread":7,"minecraft:bamboo_planks":4,"farmersdelight:golden_knife":1,"minecraft:iron_chestplate":2,"minecraft:charcoal":10,"minecraft:shield":1,"minecraft:stick":56,"minecraft:iron_ingot":86,"minecraft:wooden_axe":1,"biomesoplenty:mahogany_boat":2,"minecraft:gold_ingot":18,"minecraft:iron_leggings":2,"minecraft:torch":12,"iceandfire:silver_pickaxe":2,"iceandfire:silver_sword":1,"minecraft:shears":1},"minecraft:used":{"ironchest:wood_to_iron_chest_upgrade":2,"biomesoplenty:mahogany_planks":76,"supplementaries:hourglass":1,"iceandfire:silver_sword":41,"biomesoplenty:glowshroom":1,"minecraft:iron_sword":206,"tombstone:lollipop":2,"ecologics:coconut_planks":7,"minecraft:rotten_flesh":4,"minecraft:torch":28,"minecraft:dirt":22,"minecraft:anvil":1,"ironchest:iron_chest":3,"minecraft:wooden_axe":2,"minecraft:iron_helmet":1,"travelersbackpack:snow":14,"biomesoplenty:mahogany_sapling":4,"delightful:green_tea_leaf":4,"minecraft:furnace":5,"ecologics:walnut":4,"tombstone:gift":4,"minecraft:egg":1,"ecologics:coconut_seedling":2,"minecraft:cobbled_deepslate":32,"minecraft:golden_axe":17,"minecraft:water_bucket":6,"minecraft:diorite":1,"minecraft:stone_pickaxe":145,"farmersdelight:golden_knife":1,"minecraft:wooden_pickaxe":17,"minecraft:cracked_stone_bricks":1,"minecraft:sand":6,"minecraft:crafting_table":9,"minecraft:smoker":1,"tombstone:bag_of_seeds":2,"iceandfire:silver_pickaxe":317,"sophisticatedbackpacks:backpack":1,"mcwbridges:bridge_torch":2,"minecraft:bread":8,"minecraft:melon_slice":66,"tombstone:magic_scroll":3,"tombstone:grave_key":3,"minecraft:stone_axe":123,"biomesoplenty:mahogany_boat":2,"ecologics:coconut_slice":7,"minecraft:enchanted_book":1,"minecraft:cobblestone":87,"minecraft:cooked_porkchop":6,"minecraft:bucket":6,"minecraft:andesite":1,"minecraft:yellow_bed":1,"minecraft:bone_meal":5}},"DataVersion":3465}