{"stats":{"minecraft:broken":{"minecraft:stone_pickaxe":1,"minecraft:golden_axe":1},"minecraft:custom":{"lootr:looted_stat":8,"minecraft:mob_kills":61,"minecraft:interact_with_crafting_table":37,"minecraft:leave_game":2,"minecraft:time_since_death":7375,"minecraft:climb_one_cm":2787,"minecraft:sprint_one_cm":413587,"minecraft:walk_one_cm":449538,"minecraft:drop":28,"tombstone:eaten_lollipop":2,"minecraft:talked_to_villager":1,"minecraft:sneak_time":1868,"minecraft:play_time":155529,"minecraft:deaths":8,"minecraft:walk_under_water_one_cm":31506,"minecraft:boat_one_cm":30067,"minecraft:jump":1811,"minecraft:walk_on_water_one_cm":29018,"minecraft:total_world_time":155529,"minecraft:interact_with_furnace":65,"minecraft:sleep_in_bed":3,"minecraft:time_since_rest":7131,"minecraft:damage_taken":4200,"minecraft:damage_dealt":13405,"minecraft:swim_one_cm":23589,"minecraft:fly_one_cm":182208,"minecraft:open_chest":19,"minecraft:crouch_one_cm":2615,"tombstone:undead_killed":35,"minecraft:interact_with_smoker":2,"minecraft:fall_one_cm":30742},"minecraft:picked_up":{"minecraft:cocoa_beans":3,"minecraft:crafting_table":6,"minecraft:chicken":1,"minecraft:anvil":1,"minecraft:lead":2,"galosphere:silver_ingot":4,"minecraft:enchanted_book":1,"minecraft:infested_stone":19,"tombstone:grave_key":3,"minecraft:string":6,"minecraft:raw_copper":17,"artifacts:feral_claws":1,"ecologics:walnut_sapling":4,"graveyard:corruption":2,"minecraft:cracked_stone_bricks":1,"supplementaries:hourglass":1,"minecraft:gold_nugget":37,"minecraft:cobbled_deepslate":35,"mcwbridges:bridge_torch":2,"minecraft:iron_nugget":19,"minecraft:iron_pickaxe":1,"minecraft:melon_slice":142,"delightful:green_tea_leaf":2,"crittersandcompanions:clam":2,"minecraft:egg":2,"ecologics:crab_claw":1,"minecraft:furnace":4,"minecraft:stick":15,"minecraft:raw_iron":99,"ecologics:walnut_log":5,"ecologics:coconut_slice":9,"minecraft:torch":20,"minecraft:green_bed":1,"ecologics:coconut_seedling":2,"sophisticatedbackpacks:backpack":1,"minecraft:porkchop":3,"minecraft:music_disc_11":1,"tombstone:grave_dust":10,"minecraft:diorite":5,"minecraft:carrot":2,"minecraft:redstone":10,"regions_unexplored:daisy":1,"tombstone:lollipop":3,"travelersbackpack:snow":1,"minecraft:stone_sword":1,"iceandfire:silver_ingot":1,"minecraft:arrow":11,"crittersandcompanions:dragonfly_wing":3,"minecraft:rotten_flesh":26,"biomesoplenty:mahogany_sapling":9,"ecologics:coconut_log":9,"crittersandcompanions:silk":5,"minecraft:gold_ingot":6,"supplementaries:ash":27,"minecraft:mutton":4,"minecraft:white_wool":2,"alexsmobs:flying_fish":1,"minecraft:cobblestone":246,"ecologics:walnut":4,"minecraft:andesite":10,"ecologics:coconut_planks":1,"biomesoplenty:glowshroom":2,"minecraft:smoker":1,"biomesoplenty:dead_log":5,"supplementaries:flax_seeds":8,"minecraft:yellow_bed":1,"minecraft:gunpowder":2,"minecraft:lapis_lazuli":19,"minecraft:dirt":40,"biomesoplenty:glowing_moss_carpet":1,"minecraft:name_tag":2,"minecraft:podzol":1,"minecraft:bone":26,"minecraft:stone_bricks":4,"minecraft:wheat_seeds":5,"minecraft:raw_gold":8,"minecraft:iron_ingot":6,"minecraft:cobweb":4,"tombstone:bag_of_seeds":1,"minecraft:bamboo":43,"galosphere:raw_silver":16,"minecraft:iron_sword":1,"biomesoplenty:mahogany_planks":3,"regions_unexplored:bamboo_log":6,"minecraft:gravel":2,"minecraft:sand":6,"biomesoplenty:glowing_moss_block":2,"minecraft:spider_eye":3,"minecraft:bundle":1,"biomesoplenty:mahogany_log":50,"iceandfire:silver_pickaxe":1,"minecraft:diamond":3,"minecraft:granite":5,"minecraft:bread":6,"minecraft:emerald":12,"tombstone:magic_scroll":2,"minecraft:black_wool":1,"minecraft:coal":101,"iceandfire:raw_silver":32,"minecraft:ender_pearl":1},"minecraft:dropped":{"minecraft:iron_sword":1,"iceandfire:silver_axe":1,"minecraft:iron_helmet":1,"minecraft:cobblestone":38,"biomesoplenty:mahogany_planks":1,"graveyard:corruption":2,"tombstone:grave_key":5,"minecraft:iron_leggings":1,"minecraft:iron_pickaxe":1,"minecraft:string":1,"minecraft:stone_sword":1,"minecraft:raw_iron":51,"minecraft:rotten_flesh":3,"minecraft:iron_boots":1,"minecraft:shield":1,"minecraft:iron_chestplate":1,"minecraft:andesite":2,"minecraft:spider_eye":2,"iceandfire:silver_pickaxe":1},"minecraft:mined":{"biomesoplenty:glowing_moss_block":2,"biomesoplenty:glowshroom":2,"iceandfire:silver_ore":25,"ecologics:coconut_planks":1,"minecraft:deepslate_diamond_ore":3,"minecraft:glow_lichen":1,"minecraft:granite":5,"minecraft:grass_block":7,"minecraft:tall_seagrass":2,"minecraft:redstone_ore":2,"minecraft:furnace":5,"minecraft:iron_ore":98,"minecraft:andesite":8,"treechop:chopped_log":6,"minecraft:anvil":1,"minecraft:deepslate_iron_ore":2,"crittersandcompanions:silk_cocoon":1,"minecraft:bamboo":1,"minecraft:stone":141,"minecraft:green_bed":1,"biomesoplenty:glowworm_silk":1,"minecraft:smoker":1,"galosphere:deepslate_silver_ore":4,"minecraft:crafting_table":4,"minecraft:torch":9,"minecraft:melon":29,"biomesoplenty:mahogany_planks":3,"galosphere:silver_ore":12,"minecraft:copper_ore":3,"minecraft:cobblestone":7,"minecraft:lapis_ore":2,"regions_unexplored:daisy":1,"minecraft:diorite":5,"minecraft:wall_torch":6,"supplementaries:urn":21,"minecraft:seagrass":1,"minecraft:yellow_bed":1,"minecraft:grass":5,"minecraft:coal_ore":73,"minecraft:cocoa":1,"minecraft:gravel":2,"minecraft:sand":6,"minecraft:dirt":20,"minecraft:cracked_stone_bricks":1,"minecraft:stone_bricks":2,"minecraft:deepslate":33,"minecraft:fern":17},"minecraft:crafted":{"ecologics:coconut_planks":34,"biomesoplenty:mahogany_planks":198,"ecologics:walnut_planks":20,"minecraft:furnace":2,"minecraft:bone_meal":32,"minecraft:iron_boots":2,"minecraft:bow":1,"minecraft:stone_pickaxe":1,"galosphere:silver_ingot":17,"crittersandcompanions:grappling_hook":1,"iceandfire:silver_axe":1,"biomesoplenty:dead_planks":20,"minecraft:cooked_porkchop":6,"iceandfire:silver_ingot":24,"minecraft:crafting_table":3,"minecraft:wooden_pickaxe":1,"minecraft:iron_helmet":2,"minecraft:stone_axe":2,"minecraft:bread":3,"minecraft:bamboo_planks":4,"minecraft:iron_chestplate":2,"minecraft:charcoal":10,"minecraft:shield":1,"minecraft:stick":56,"minecraft:iron_ingot":82,"minecraft:wooden_axe":1,"biomesoplenty:mahogany_boat":2,"minecraft:gold_ingot":2,"minecraft:iron_leggings":2,"minecraft:torch":12,"iceandfire:silver_pickaxe":2,"iceandfire:silver_sword":1,"minecraft:shears":1},"minecraft:killed":{"minecraft:cave_spider":1,"mca:male_zombie_villager":1,"minecraft:spider":3,"endermanoverhaul:dark_oak_enderman":1,"quark:toretoise":1,"crittersandcompanions:dragonfly":1,"creeperoverhaul:bamboo_creeper":1,"minecraft:skeleton":7,"minecraft:panda":1,"minecraft:chicken":1,"minecraft:silverfish":1,"crittersandcompanions:otter":1,"ecologics:coconut_crab":1,"minecraft:drowned":2,"goblintraders:goblin_trader":1,"alexsmobs:flying_fish":1,"artifacts:mimic":1,"minecraft:husk":1,"minecraft:pig":2,"alexsmobs:seal":2,"minecraft:sheep":1,"tinyskeletons:baby_skeleton":2,"alexsmobs:crocodile":1,"minecraft:zombie":22,"alexsmobs:elephant":1,"ecologics:squirrel":1,"alexsmobs:terrapin":1},"minecraft:used":{"biomesoplenty:mahogany_planks":76,"iceandfire:silver_sword":41,"biomesoplenty:glowshroom":1,"minecraft:iron_sword":192,"tombstone:lollipop":2,"ecologics:coconut_planks":7,"minecraft:rotten_flesh":4,"minecraft:torch":25,"minecraft:dirt":22,"minecraft:wooden_axe":2,"minecraft:iron_helmet":1,"travelersbackpack:snow":8,"biomesoplenty:mahogany_sapling":4,"delightful:green_tea_leaf":4,"minecraft:furnace":5,"ecologics:walnut":4,"tombstone:gift":4,"minecraft:egg":1,"ecologics:coconut_seedling":2,"minecraft:cobbled_deepslate":32,"minecraft:golden_axe":17,"minecraft:diorite":1,"minecraft:stone_pickaxe":145,"minecraft:wooden_pickaxe":17,"minecraft:cracked_stone_bricks":1,"minecraft:sand":6,"minecraft:crafting_table":8,"minecraft:smoker":1,"tombstone:bag_of_seeds":2,"iceandfire:silver_pickaxe":309,"sophisticatedbackpacks:backpack":1,"mcwbridges:bridge_torch":2,"minecraft:bread":3,"minecraft:melon_slice":59,"tombstone:magic_scroll":3,"tombstone:grave_key":3,"minecraft:stone_axe":106,"biomesoplenty:mahogany_boat":2,"ecologics:coconut_slice":7,"minecraft:cobblestone":87,"minecraft:cooked_porkchop":6,"minecraft:andesite":1,"minecraft:yellow_bed":1,"minecraft:bone_meal":5}},"DataVersion":3465}