{"stats":{"minecraft:used":{"minecraft:chest":1,"ecologics:coconut_planks":7,"minecraft:rotten_flesh":4,"minecraft:cocoa_beans":1,"ironchest:iron_chest":10,"farmersdelight:steak_and_potatoes":2,"blue_skies:winter_leaf_seeds":14,"minecraft:lava_bucket":15,"biomesoplenty:mahogany_sapling":4,"delightful:green_tea_leaf":6,"minecraft:sweet_berries":15,"mutantmonsters:hulk_hammer":7,"minecraft:furnace":7,"minecraft:egg":1,"minecraft:diorite":15,"minecraft:wooden_pickaxe":17,"minecraft:jungle_boat":6,"minecraft:golden_apple":4,"minecraft:glow_berries":6,"minecraft:sand":6,"minecraft:blast_furnace":1,"iceandfire:silver_pickaxe":530,"supplementaries:flax_seeds":10,"minecraft:diamond_sword":419,"minecraft:smithing_table":1,"ironchest:wood_to_iron_chest_upgrade":2,"alexscaves:green_soylent":1,"iceandfire:silver_sword":41,"iceandfire:armor_copper_metal_leggings":1,"minecraft:cooked_salmon":4,"minecraft:netherrack":79,"minecraft:stick":5,"minecraft:torch":150,"minecraft:anvil":1,"minecraft:iron_axe":113,"alexscaves:geothermal_vent":1,"minecraft:bamboo":3,"ecologics:walnut":4,"tombstone:gift":9,"ecologics:coconut_seedling":2,"minecraft:cobbled_deepslate":35,"minecraft:golden_axe":17,"minecraft:wheat_seeds":22,"minecraft:water_bucket":38,"ironchest:gold_to_diamond_chest_upgrade":2,"farmersdelight:golden_knife":9,"minecraft:cracked_stone_bricks":3,"minecraft:mossy_cobblestone":1,"minecraft:crafting_table":12,"minecraft:red_bed":1,"minecraft:cod":1,"minecraft:diamond_pickaxe":446,"minecraft:diamond_shovel":60,"quark:pickarang":328,"minecraft:iron_pickaxe":171,"iceandfire:dragon_horn":3,"tombstone:magic_scroll":4,"biomesoplenty:mahogany_boat":6,"minecraft:enchanted_book":3,"minecraft:potion":4,"minecraft:cobblestone":112,"illagerinvasion:platinum_infused_hatchet":6,"minecraft:cooked_porkchop":12,"alexscaves:radrock":52,"stalwart_dungeons:iron_hammer":2,"supplementaries:hourglass":1,"biomesoplenty:mahogany_slab":1,"minecraft:shield":28,"minecraft:iron_sword":237,"tombstone:lollipop":13,"minecraft:carrot":10,"minecraft:music_disc_13":1,"minecraft:obsidian":10,"alexscaves:acid_bucket":8,"iceandfire:armor_silver_metal_leggings":1,"minecraft:iron_helmet":1,"minecraft:stone_pickaxe":145,"minecraft:diamond_axe":19,"minecraft:sugar_cane":9,"blue_skies:winter_leaves":25,"alexscaves:cave_book":4,"iceandfire:silver_axe":264,"sophisticatedbackpacks:backpack":1,"alexscaves:rusty_scrap_metal_plate":1,"minecraft:melon_slice":134,"minecraft:bread":71,"tombstone:grave_key":20,"ironchest:iron_to_gold_chest_upgrade":3,"minecraft:gravel":1,"biomesoplenty:dried_salt":16,"ecologics:coconut_slice":7,"minecraft:andesite":9,"minecraft:bone_meal":192,"minecraft:cobweb":7,"minecraft:oak_fence":1,"biomesoplenty:mahogany_planks":97,"minecraft:music_disc_otherside":1,"quark:jungle_chest":5,"biomesoplenty:glowshroom":1,"minecraft:cooked_chicken":1,"minecraft:dirt":41,"minecraft:spruce_fence":1,"minecraft:wooden_axe":2,"aquaculture:iron_fishing_rod":13,"regions_unexplored:glistering_wart":1,"travelersbackpack:snow":216,"alexscaves:spelunkery_table":1,"ironchest:gold_chest":4,"alexsmobs:banana":1,"minecraft:cooked_beef":5,"minecraft:brown_bed":1,"goldenfoods:golden_cooked_beef":1,"minecraft:baked_potato":2,"minecraft:brown_mushroom":1,"minecraft:music_disc_cat":1,"minecraft:spider_eye":2,"minecraft:smoker":1,"tombstone:bag_of_seeds":4,"alexscaves:slam":1,"minecraft:apple":44,"mcwbridges:bridge_torch":2,"minecraft:stone_axe":148,"iceandfire:silver_hoe":24,"minecraft:fishing_rod":9,"minecraft:bucket":70,"minecraft:yellow_bed":1},"minecraft:crafted":{"minecraft:smooth_stone":9,"travelersbackpack:crafting_upgrade":1,"ecologics:walnut_planks":20,"minecraft:glass":37,"iceandfire:armor_silver_metal_chestplate":1,"iceandfire:armor_copper_metal_chestplate":1,"galosphere:silver_ingot":22,"iceandfire:silver_axe":2,"minecraft:emerald":11,"minecraft:cooked_porkchop":12,"minecraft:jungle_boat":1,"minecraft:smithing_table":1,"minecraft:copper_ingot":31,"minecraft:bamboo_planks":4,"farmersdelight:golden_knife":1,"aquaculture:iron_hook":1,"minecraft:gold_ingot":27,"quark:pickarang":1,"iceandfire:silver_sword":1,"biomesoplenty:mahogany_fence":3,"ecologics:coconut_planks":34,"ironchest:diamond_to_crystal_chest_upgrade":1,"quark:jungle_chest":6,"iceandfire:armor_copper_metal_leggings":1,"minecraft:bone_meal":227,"ironchest:gold_to_diamond_chest_upgrade":2,"travelersbackpack:blank_upgrade":4,"travelersbackpack:gold_tier_upgrade":1,"iceandfire:armor_copper_metal_helmet":1,"travelersbackpack:snow":4,"sophisticatedstorage:upgrade_base":1,"minecraft:stone_pickaxe":1,"crittersandcompanions:grappling_hook":3,"minecraft:wheat":54,"biomesoplenty:dead_planks":20,"ironchest:wood_to_iron_chest_upgrade":3,"ironchest:iron_to_gold_chest_upgrade":3,"minecraft:wooden_axe":1,"minecraft:iron_leggings":3,"iceandfire:silver_pickaxe":2,"minecraft:cooked_chicken":1,"iceandfire:armor_copper_metal_boots":1,"minecraft:bow":1,"minecraft:iron_boots":3,"iceandfire:armor_silver_metal_leggings":1,"travelersbackpack:iron_tier_upgrade":1,"dungeonnowloading:spawner_frame":4,"minecraft:crafting_table":8,"minecraft:iron_helmet":3,"minecraft:baked_potato":5,"minecraft:wooden_pickaxe":1,"alexscaves:cinder_block":30,"minecraft:iron_chestplate":3,"minecraft:paper":57,"minecraft:charcoal":10,"minecraft:emerald_block":5,"minecraft:shield":1,"minecraft:stick":56,"minecraft:iron_ingot":90,"biomesoplenty:mahogany_boat":3,"aquaculture:iron_fishing_rod":1,"minecraft:shears":1,"minecraft:fishing_rod":1,"biomesoplenty:mahogany_planks":378,"minecraft:furnace":4,"graveyard:dark_iron_ingot":2,"alexscaves:cave_map":1,"ironchest:diamond_to_obsidian_chest_upgrade":1,"travelersbackpack:diamond_tier_upgrade":1,"minecraft:cooked_cod":7,"aquaculture:redstone_hook":1,"minecraft:bone_block":2,"minecraft:diamond_sword":1,"iceandfire:silver_ingot":25,"travelersbackpack:backpack_tank":2,"sophisticatedstorage:crafting_upgrade":1,"minecraft:cooked_salmon":4,"minecraft:bucket":3,"minecraft:stone_axe":2,"minecraft:bread":50,"minecraft:air":0,"minecraft:jungle_planks":64,"regions_unexplored:redwood_planks":2,"minecraft:torch":12,"iceandfire:silver_hoe":1},"minecraft:custom":{"minecraft:interact_with_crafting_table":153,"minecraft:open_barrel":14,"goblintraders:trade_with_goblin":2,"minecraft:leave_game":10,"minecraft:time_since_death":419,"minecraft:damage_blocked_by_shield":540,"tombstone:eaten_lollipop":13,"minecraft:play_time":709864,"minecraft:deaths":51,"tombstone:tomb_raiding":1,"minecraft:jump":6250,"minecraft:interact_with_furnace":136,"minecraft:play_record":3,"minecraft:interact_with_cartography_table":1,"minecraft:sleep_in_bed":5,"minecraft:damage_dealt":54695,"tombstone:undead_killed":155,"minecraft:interact_with_smoker":11,"minecraft:interact_with_smithing_table":5,"minecraft:interact_with_anvil":10,"minecraft:damage_dealt_absorbed":211,"minecraft:sneak_time":17019,"minecraft:interact_with_blast_furnace":8,"minecraft:total_world_time":709864,"tombstone:raider_killed":14,"minecraft:tune_noteblock":12,"minecraft:time_since_rest":381,"minecraft:swim_one_cm":38566,"minecraft:fly_one_cm":715095,"minecraft:open_chest":680,"minecraft:fish_caught":2,"minecraft:fall_one_cm":142234,"lootr:looted_stat":95,"minecraft:sprint_one_cm":1444466,"minecraft:drop":385,"minecraft:talked_to_villager":1,"minecraft:walk_on_water_one_cm":169797,"minecraft:interact_with_loom":13,"minecraft:player_kills":1,"minecraft:crouch_one_cm":40009,"tombstone:villager_killed":2,"minecraft:mob_kills":246,"minecraft:damage_dealt_resisted":174,"minecraft:climb_one_cm":13651,"minecraft:walk_one_cm":1888101,"minecraft:walk_under_water_one_cm":89135,"minecraft:boat_one_cm":32902,"minecraft:damage_taken":25046,"minecraft:damage_absorbed":68,"minecraft:trigger_trapped_chest":3},"minecraft:killed":{"minecraft:cave_spider":1,"alexsmobs:murmur":1,"minecraft:skeleton":37,"alexsmobs:leafcutter_ant":1,"minecraft:chicken":1,"ecologics:coconut_crab":1,"mowziesmobs:foliaath":1,"alexsmobs:seal":2,"minecraft:pillager":3,"tinyskeletons:baby_skeleton":5,"minecraft:zombie":89,"minecraft:glow_squid":1,"mca:female_zombie_villager":1,"mca:male_zombie_villager":1,"alexscaves:brainiac":1,"minecraft:vindicator":8,"illagerinvasion:marauder":1,"quark:toretoise":2,"crittersandcompanions:dragonfly":2,"alexsmobs:gorilla":1,"goblintraders:goblin_trader":1,"minecraft:husk":12,"alexsmobs:crocodile":1,"alexsmobs:elephant":1,"iceandfire:ghost":1,"mca:female_villager":2,"minecraft:enderman":1,"graveyard:skeleton_creeper":1,"minecraft:spider":29,"endermanoverhaul:dark_oak_enderman":1,"quark:forgotten":1,"creeperoverhaul:bamboo_creeper":4,"illagerinvasion:provoker":2,"minecraft:silverfish":1,"artifacts:mimic":2,"minecraft:pig":2,"minecraft:creeper":4,"minecraft:sheep":1,"alexsmobs:terrapin":1,"iceandfire:pixie":1,"minecraft:panda":1,"minecraft:drowned":4,"crittersandcompanions:otter":1,"alexsmobs:flying_fish":1,"ecologics:squirrel":1,"alexsmobs:crow":1,"mutantmonsters:mutant_zombie":1,"minecraft:player":2},"minecraft:dropped":{"minecraft:iron_sword":4,"crittersandcompanions:clam":1,"minecraft:glow_ink_sac":1,"minecraft:glass_bottle":4,"minecraft:diamond":43,"minecraft:crafting_table":2,"aquaculture:redstone_hook":2,"biomesoplenty:black_sand":1,"biomesoplenty:mahogany_planks":127,"iceandfire:ectoplasm":5,"minecraft:cracked_stone_bricks":4,"delightful:cantaloupe_seeds":5,"graveyard:corruption":2,"minecraft:dirt":68,"iceandfire:armor_copper_metal_boots":1,"alexsmobs:emu_feather":1,"minecraft:iron_pickaxe":2,"minecraft:stone_axe":2,"minecraft:sugar_cane":2,"mutantmonsters:hulk_hammer":1,"minecraft:golden_chestplate":1,"alexscaves:cave_tablet":5,"minecraft:rotten_flesh":91,"regions_unexplored:redwood_planks":64,"alexscaves:radon_bottle":3,"supplementaries:flax_seeds":10,"biomesoplenty:wildflower":2,"more_bows_and_arrows:amethyst_bow":2,"biomesoplenty:mahogany_sapling":44,"minecraft:enchanted_book":4,"minecraft:wheat_seeds":81,"minecraft:iron_helmet":6,"minecraft:cobblestone":229,"minecraft:book":6,"biomesoplenty:mahogany_fence":5,"galosphere:raw_silver":1,"minecraft:cooked_salmon":1,"regions_unexplored:glistering_sprout":2,"minecraft:potion":3,"minecraft:mud":2,"minecraft:paper":2,"minecraft:string":1,"minecraft:lily_pad":1,"biomesoplenty:dried_salt":1472,"alexscaves:uranium":23,"minecraft:stone_sword":2,"minecraft:cocoa_beans":51,"minecraft:bowl":1,"minecraft:stone_shovel":1,"minecraft:iron_boots":3,"iceandfire:armor_copper_metal_helmet":1,"minecraft:name_tag":1,"minecraft:torchflower_seeds":1,"minecraft:shears":1,"blue_skies:winter_leaves":11,"minecraft:big_dripleaf":2,"supplementaries:quiver":1,"minecraft:cobblestone_slab":6,"minecraft:potato":5,"minecraft:bundle":2,"minecraft:wooden_shovel":1,"minecraft:stone_pressure_plate":41,"minecraft:spider_eye":7,"minecraft:bamboo":3,"sophisticatedbackpacks:copper_backpack":2,"iceandfire:dragon_skull_lightning":1,"crittersandcompanions:grappling_hook":4,"minecraft:brown_mushroom":2,"iceandfire:silver_axe":2,"minecraft:baked_potato":3,"dungeonnowloading:cobblestone_pebble":9,"travelersbackpack:snow":2,"minecraft:leather":3,"paraglider:spirit_orb":45,"alexscaves:cave_map":1,"alexscaves:fissile_core":1,"minecraft:gold_ingot":2,"biomesoplenty:mahogany_slab":128,"minecraft:gravel":3,"alexscaves:radrock":55,"alexscaves:green_soylent":1,"supplementaries:ash":38,"minecraft:gunpowder":2,"aquaculture:bluegill":1,"quark:forgotten_hat":2,"minecraft:arrow":53,"iceandfire:armor_copper_metal_leggings":1,"artifacts:scarf_of_invisibility":1,"minecraft:netherrack":1,"iceandfire:silver_pickaxe":1,"biomesoplenty:mahogany_log":22,"minecraft:water_bucket":1,"minecraft:stone_hoe":2,"minecraft:bread":10,"minecraft:golden_helmet":1,"minecraft:lilac":3,"minecraft:mossy_cobblestone":4,"iceandfire:armor_copper_metal_chestplate":1,"stalwart_dungeons:iron_hammer":1,"chipped:dark_oak_torch":60,"crittersandcompanions:dragonfly_wing":2,"minecraft:copper_ingot":1,"minecraft:stick":7,"biomesoplenty:orange_sand":1,"farmersdelight:golden_knife":3,"minecraft:torch":40,"tombstone:grave_key":5,"minecraft:white_concrete":1,"minecraft:jungle_door":1,"minecraft:zombie_head":3,"tombstone:grave_dust":25,"minecraft:iron_leggings":3,"sophisticatedbackpacks:crafting_upgrade":1,"artifacts:feral_claws":1,"artifacts:rooted_boots":1,"minecraft:bucket":1,"minecraft:music_disc_cat":2,"ironchest:diamond_to_crystal_chest_upgrade":1,"iceandfire:dragonbone":3,"minecraft:raw_copper":21,"betterarcheology:artifact_shards":1,"minecraft:raw_iron":51,"iceandfire:witherbone":5,"ironchest:diamond_to_obsidian_chest_upgrade":1,"minecraft:light_gray_wool":3,"alexscaves:metal_swarf":1,"delightful:salmonberry_pips":3,"minecraft:filled_map":5,"minecraft:shield":5,"aether:iron_gloves":1,"minecraft:iron_chestplate":7,"minecraft:andesite":2,"minecraft:mossy_stone_bricks":1,"alexscaves:hazmat_chestplate":1,"minecraft:golden_leggings":5,"minecraft:infested_stone":19,"minecraft:diamond_boots":2,"minecraft:stone_pickaxe":4,"minecraft:wooden_pickaxe":2,"alexscaves:charred_remnant":1},"minecraft:mined":{"alexsmobs:leafcutter_anthill":1,"minecraft:obsidian":22,"minecraft:granite":12,"quark:yellow_corundum":1,"biomesoplenty:dried_salt":18,"alexscaves:rusty_rebar":4,"minecraft:spawner":10,"minecraft:tall_seagrass":2,"minecraft:mossy_cobblestone_stairs":4,"minecraft:fire":2,"minecraft:sticky_piston":1,"minecraft:cobbled_deepslate":33,"ironchest:gold_chest":4,"minecraft:deepslate_lapis_ore":1,"minecraft:nether_brick_stairs":1,"biomesoplenty:glowshroom_block":2,"minecraft:cave_vines":3,"minecraft:dirt_path":1,"minecraft:piston_head":1,"minecraft:brown_mushroom":3,"minecraft:red_bed":1,"biomesoplenty:glowworm_silk":1,"minecraft:smoker":1,"minecraft:soul_fire":1,"minecraft:torch":46,"minecraft:blast_furnace":2,"minecraft:oxidized_copper":2,"minecraft:melon":43,"galosphere:silver_ore":13,"minecraft:sugar_cane":5,"minecraft:mud":1,"minecraft:wheat":14,"minecraft:lilac":1,"minecraft:stone_brick_stairs":3,"minecraft:grass":14,"quark:yellow_corundum_cluster":1,"alexscaves:radon_lamp_white":1,"regions_unexplored:glistering_ivy":2,"minecraft:deepslate":109,"alexscaves:acidic_radrock":2,"iceandfire:silver_ore":25,"minecraft:mossy_cobblestone":10,"alexscaves:radrock":178,"minecraft:nether_bricks":3,"minecraft:spruce_fence":1,"quark:orange_corundum_cluster":1,"minecraft:redstone_ore":2,"minecraft:andesite":16,"minecraft:mossy_stone_brick_stairs":2,"minecraft:vine":5,"ironchest:iron_chest":10,"minecraft:bamboo":2,"biomesoplenty:black_sand":1,"minecraft:observer":1,"galosphere:deepslate_silver_ore":4,"biomesoplenty:mahogany_planks":3,"minecraft:tall_grass":3,"minecraft:copper_ore":3,"minecraft:diorite":25,"minecraft:birch_leaves":1,"alexscaves:geothermal_vent_thin":2,"minecraft:gravel":6,"biomesoplenty:stringy_cobweb":1,"minecraft:cobweb":7,"regions_unexplored:glistering_wart":6,"minecraft:stone_bricks":12,"minecraft:fern":45,"minecraft:stone_pressure_plate":44,"biomesoplenty:glowshroom":2,"alexscaves:geothermal_vent_medium":1,"alexscaves:geothermal_vent":1,"minecraft:grass_block":19,"minecraft:infested_cobblestone":6,"minecraft:iron_ore":101,"alexscaves:rusty_scrap_metal":1,"minecraft:anvil":1,"minecraft:brown_bed":1,"supplementaries:stick":2,"minecraft:iron_bars":1,"alexscaves:rusty_scrap_metal_plate":3,"minecraft:green_bed":1,"minecraft:quartz_block":1,"lootr:lootr_chest":1,"supplementaries:book_pile":2,"minecraft:mushroom_stem":16,"minecraft:cobblestone":79,"biomesoplenty:mahogany_slab":3,"minecraft:wall_torch":33,"minecraft:seagrass":2,"minecraft:sand":6,"minecraft:dirt":35,"alexscaves:unrefined_waste":2,"minecraft:netherrack":128,"minecraft:oak_leaves":5,"minecraft:emerald_block":1,"minecraft:nether_gold_ore":1,"biomesoplenty:glowing_moss_block":2,"minecraft:tuff":6,"ecologics:coconut_planks":1,"minecraft:deepslate_diamond_ore":11,"alexscaves:metal_rebar":2,"minecraft:glow_lichen":1,"quark:jungle_chest":2,"minecraft:hay_block":6,"alexscaves:radrock_uranium_ore":61,"minecraft:oak_trapdoor":1,"minecraft:furnace":8,"quark:orange_corundum":6,"treechop:chopped_log":11,"minecraft:bookshelf":3,"minecraft:deepslate_iron_ore":6,"crittersandcompanions:silk_cocoon":2,"minecraft:stone":251,"biomesoplenty:orange_sand":48,"minecraft:crafting_table":6,"alexscaves:metal_swarf":1,"minecraft:lapis_ore":2,"regions_unexplored:daisy":1,"supplementaries:urn":79,"minecraft:sweet_berry_bush":3,"alexscaves:waste_drum":3,"minecraft:yellow_bed":1,"minecraft:coal_ore":75,"minecraft:cocoa":7,"minecraft:cracked_stone_bricks":4,"regions_unexplored:glistering_ivy_plant":5,"minecraft:mossy_stone_bricks":5},"minecraft:broken":{"minecraft:diamond_helmet":1,"minecraft:iron_boots":1,"minecraft:iron_chestplate":1,"minecraft:iron_sword":1,"iceandfire:armor_silver_metal_chestplate":1,"iceandfire:armor_silver_metal_leggings":1,"aether:iron_gloves":1,"minecraft:iron_helmet":1,"iceandfire:silver_pickaxe":1,"minecraft:stone_pickaxe":1,"minecraft:golden_axe":1},"minecraft:killed_by":{"minecraft:player":3},"minecraft:picked_up":{"quark:diamond_heart":1,"minecraft:iron_chestplate":6,"alexscaves:waste_drum":4,"iceandfire:copper_sword":1,"quark:orange_corundum":8,"minecraft:anvil":1,"minecraft:lead":3,"alexscaves:unrefined_waste":2,"regions_unexplored:glistering_sprout":2,"minecraft:enchanted_book":18,"minecraft:infested_stone":38,"crittersandcompanions:grappling_hook":2,"minecraft:amethyst_block":11,"minecraft:string":79,"iceandfire:manuscript":2,"minecraft:music_disc_cat":2,"minecraft:cobbled_deepslate":699,"illagerinvasion:platinum_infused_hatchet":3,"alexsmobs:emu_feather":1,"minecraft:gold_nugget":103,"supplementaries:hourglass":1,"mcwbridges:bridge_torch":2,"minecraft:melon_slice":210,"wstweaks:fragment":15,"ecologics:crab_claw":1,"minecraft:big_dripleaf":2,"minecraft:green_bed":1,"minecraft:golden_axe":1,"ironchest:gold_chest":4,"minecraft:stone_sword":1,"crittersandcompanions:dragonfly_wing":9,"farmersdelight:rope":12,"supplementaries:ash":129,"minecraft:iron_bars":6,"alexsmobs:flying_fish":1,"minecraft:feather":2,"minecraft:oxidized_copper":2,"minecraft:iron_door":1,"minecraft:water_bucket":2,"biomesoplenty:dried_salt":6217,"minecraft:jungle_log":16,"ecologics:coconut_planks":1,"minecraft:smoker":1,"biomesoplenty:dead_log":5,"minecraft:flint":5,"alexscaves:rusty_scrap_metal":1,"minecraft:lantern":1,"galosphere:raw_silver":17,"minecraft:pitcher_pod":2,"biomesoplenty:mahogany_planks":337,"alexscaves:rusty_scrap_metal_plate":4,"regions_unexplored:bamboo_log":6,"alexscaves:metal_rebar":2,"alexsmobs:animal_dictionary":2,"minecraft:bundle":6,"minecraft:deepslate":1,"minecraft:granite":23,"minecraft:bread":6,"alexsmobs:maggot":1,"iceandfire:raw_silver":32,"iceandfire:dragon_skull_lightning":1,"minecraft:mud":3,"minecraft:crafting_table":10,"minecraft:red_bed":1,"dungeonnowloading:spawner_fragment":53,"minecraft:cracked_stone_bricks":8,"aquaculture:diamond_fishing_rod":1,"minecraft:jungle_sapling":9,"minecraft:iron_nugget":43,"minecraft:chest":1,"alexscaves:hazmat_chestplate":1,"minecraft:egg":3,"quark:orange_corundum_cluster":10,"regions_unexplored:glistering_wart":1,"artifacts:charm_of_sinking":1,"alexscaves:geothermal_vent":1,"sophisticatedbackpacks:crafting_upgrade":1,"minecraft:spruce_fence":2,"ironchest:iron_chest":10,"quark:jungle_chest":1,"sophisticatedbackpacks:backpack":1,"blue_skies:winter_leaves":22,"iceandfire:armor_copper_metal_boots":1,"minecraft:carrot":2,"minecraft:redstone":20,"quark:yellow_corundum":2,"minecraft:tnt":7,"travelersbackpack:snow":2,"minecraft:stone_shovel":3,"minecraft:diamond_boots":3,"minecraft:hay_block":6,"aquaculture:carp":2,"dungeonnowloading:skull_of_chaos":1,"artifacts:pocket_piston":1,"minecraft:gold_ingot":80,"sophisticatedbackpacks:copper_backpack":2,"minecraft:glow_berries":3,"minecraft:mutton":4,"minecraft:rail":5,"minecraft:white_wool":2,"biomesoplenty:orange_sand":44,"minecraft:filled_map":3,"minecraft:lily_pad":1,"iceandfire:armor_copper_metal_helmet":1,"alexscaves:charred_remnant":4,"minecraft:paper":13,"biomesoplenty:glowing_moss_carpet":2,"biomesoplenty:mahogany_slab":723,"minecraft:apple":1,"minecraft:stone_bricks":19,"minecraft:wild_armor_trim_smithing_template":2,"alexscaves:green_soylent":2,"regions_unexplored:redwood_sapling":37,"minecraft:stone_pickaxe":29,"minecraft:cobweb":11,"tombstone:bag_of_seeds":2,"minecraft:glass_bottle":5,"minecraft:iron_sword":3,"minecraft:gravel":39,"biomesoplenty:mahogany_log":131,"minecraft:slime_ball":2,"minecraft:diamond_axe":1,"aquaculture:redstone_hook":1,"minecraft:ender_pearl":1,"minecraft:wheat":72,"alexscaves:radgill":1,"illagerinvasion:platinum_chunk":6,"iceandfire:armor_copper_metal_chestplate":1,"aether:iron_gloves":2,"alexscaves:cave_tablet":4,"galosphere:silver_ingot":4,"minecraft:potion":3,"autumnity:foul_berry_pips":3,"tombstone:grave_key":3,"minecraft:raw_copper":72,"alexsmobs:ancient_dart":1,"alexscaves:acidic_radrock":2,"minecraft:iron_leggings":1,"minecraft:sticky_piston":2,"minecraft:zombie_head":6,"alexsmobs:banana":1,"minecraft:bucket":1,"minecraft:cobblestone_slab":24,"minecraft:wooden_shovel":3,"minecraft:iron_pickaxe":2,"delightful:green_tea_leaf":5,"minecraft:iron_boots":3,"regions_unexplored:redwood_log":160,"minecraft:furnace":10,"minecraft:tipped_arrow":1,"minecraft:stick":231,"minecraft:jungle_door":4,"ecologics:walnut_log":5,"iceandfire:armor_copper_metal_leggings":1,"minecraft:oak_fence":1,"minecraft:torch":153,"ecologics:coconut_seedling":2,"quark:yellow_corundum_cluster":3,"minecraft:porkchop":3,"tombstone:grave_dust":46,"minecraft:diorite":23,"supplementaries:flax":2,"regions_unexplored:daisy":1,"tombstone:lollipop":14,"mutantmonsters:hulk_hammer":1,"minecraft:quartz_block":3,"minecraft:rotten_flesh":206,"biomesoplenty:mahogany_sapling":78,"ecologics:coconut_log":9,"supplementaries:antique_ink":20,"minecraft:obsidian":23,"minecraft:cod":2,"minecraft:cobblestone":978,"ecologics:walnut":4,"minecraft:lilac":3,"minecraft:andesite":29,"minecraft:golden_leggings":5,"biomesoplenty:glowshroom":10,"minecraft:potato":6,"paraglider:spirit_orb":108,"alexscaves:cave_book":1,"minecraft:tuff":60,"biomesoplenty:mahogany_boat":3,"supplementaries:flax_seeds":23,"minecraft:lapis_lazuli":19,"minecraft:dirt":258,"minecraft:name_tag":6,"minecraft:bone":275,"minecraft:bow":1,"minecraft:wheat_seeds":239,"stalwart_dungeons:iron_hammer":1,"minecraft:raw_gold":8,"minecraft:mossy_stone_bricks":4,"minecraft:bamboo":117,"minecraft:powered_rail":23,"minecraft:music_disc_13":1,"artifacts:rooted_boots":1,"betterarcheology:artifact_shards":1,"alexscaves:uranium":85,"minecraft:jungle_planks":4,"minecraft:sand":8,"minecraft:nether_brick_stairs":5,"minecraft:mossy_cobblestone":7,"galosphere:silver_nugget":1,"minecraft:diamond":10,"minecraft:golden_apple":4,"minecraft:white_concrete":1,"minecraft:emerald":25,"minecraft:oak_sapling":3,"minecraft:netherrack":97,"minecraft:charcoal":10,"more_bows_and_arrows:amethyst_bow":2,"minecraft:cocoa_beans":79,"minecraft:chicken":1,"minecraft:brown_mushroom":3,"dungeonnowloading:cobblestone_pebble":36,"minecraft:wooden_pickaxe":4,"minecraft:diamond_horse_armor":1,"minecraft:chain":1,"minecraft:shield":5,"alexscaves:metal_swarf":1,"iceandfire:silver_hoe":1,"alexscaves:cave_codex":1,"minecraft:oak_trapdoor":1,"minecraft:iron_axe":1,"artifacts:feral_claws":2,"ecologics:walnut_sapling":4,"graveyard:corruption":5,"minecraft:candle":1,"aquaculture:bluegill":1,"biomesoplenty:black_sand":1,"alexsmobs:elastic_tendon":4,"minecraft:light_gray_wool":3,"biomesoplenty:wildflower":2,"minecraft:sugar_cane":71,"farmersdelight:golden_knife":1,"crittersandcompanions:clam":9,"minecraft:phantom_membrane":12,"minecraft:raw_iron":102,"iceandfire:dragonbone":3,"ecologics:coconut_slice":9,"minecraft:copper_ingot":1,"minecraft:music_disc_11":2,"minecraft:stone_pressure_plate":43,"iceandfire:silver_ingot":1,"minecraft:arrow":70,"crittersandcompanions:silk":12,"alexscaves:spelunkery_table":1,"minecraft:skeleton_skull":2,"minecraft:jungle_boat":6,"minecraft:glow_ink_sac":8,"minecraft:salmon":1,"minecraft:leather":11,"alexscaves:rusty_rebar":5,"minecraft:yellow_bed":1,"minecraft:gunpowder":24,"quark:forgotten_hat":2,"minecraft:podzol":2,"alexscaves:radrock":244,"minecraft:iron_ingot":10,"artifacts:kitty_slippers":1,"quark:pickarang":2,"blue_skies:winter_leaf_seeds":39,"minecraft:book":21,"minecraft:emerald_block":1,"minecraft:pitcher_plant":1,"iceandfire:dragon_horn":1,"alexscaves:fissile_core":1,"biomesoplenty:dead_planks":18,"minecraft:blast_furnace":2,"artifacts:scarf_of_invisibility":1,"biomesoplenty:glowing_moss_block":4,"minecraft:spider_eye":22,"supplementaries:clock_block":1,"iceandfire:silver_pickaxe":1,"minecraft:iron_helmet":4,"chipped:dark_oak_torch":1,"tombstone:magic_scroll":6,"minecraft:black_wool":1,"minecraft:coal":112}},"DataVersion":3465}