{"stats":{"minecraft:broken":{"minecraft:golden_axe":1},"minecraft:custom":{"lootr:looted_stat":3,"minecraft:interact_with_furnace":34,"minecraft:mob_kills":20,"minecraft:interact_with_crafting_table":16,"minecraft:leave_game":1,"minecraft:time_since_death":1181,"minecraft:sleep_in_bed":2,"minecraft:climb_one_cm":1738,"minecraft:time_since_rest":945,"minecraft:sprint_one_cm":206895,"minecraft:damage_taken":2097,"minecraft:walk_one_cm":232460,"minecraft:drop":12,"tombstone:eaten_lollipop":1,"minecraft:damage_dealt":4131,"minecraft:open_chest":1,"minecraft:swim_one_cm":12517,"minecraft:fly_one_cm":99129,"minecraft:crouch_one_cm":75,"minecraft:play_time":77712,"tombstone:undead_killed":6,"minecraft:deaths":3,"minecraft:sneak_time":439,"minecraft:walk_under_water_one_cm":21329,"minecraft:jump":855,"minecraft:walk_on_water_one_cm":12515,"minecraft:total_world_time":77712,"minecraft:fall_one_cm":16187},"minecraft:picked_up":{"ecologics:walnut":4,"minecraft:crafting_table":5,"minecraft:andesite":4,"ecologics:coconut_planks":1,"minecraft:lead":1,"biomesoplenty:glowshroom":2,"galosphere:silver_ingot":4,"tombstone:grave_key":3,"minecraft:yellow_bed":1,"minecraft:lapis_lazuli":7,"minecraft:dirt":17,"biomesoplenty:glowing_moss_carpet":1,"artifacts:feral_claws":1,"minecraft:bone":2,"ecologics:walnut_sapling":4,"minecraft:stone_bricks":4,"minecraft:cracked_stone_bricks":1,"minecraft:wheat_seeds":4,"minecraft:gold_nugget":8,"minecraft:iron_ingot":1,"minecraft:bamboo":43,"galosphere:raw_silver":5,"minecraft:melon_slice":95,"delightful:green_tea_leaf":2,"ecologics:crab_claw":1,"regions_unexplored:bamboo_log":6,"minecraft:furnace":3,"minecraft:stick":6,"minecraft:raw_iron":41,"ecologics:walnut_log":5,"ecologics:coconut_slice":9,"minecraft:torch":6,"ecologics:coconut_seedling":2,"minecraft:green_bed":1,"sophisticatedbackpacks:backpack":1,"minecraft:porkchop":3,"minecraft:sand":6,"minecraft:diorite":2,"biomesoplenty:glowing_moss_block":2,"regions_unexplored:daisy":1,"tombstone:lollipop":1,"biomesoplenty:mahogany_log":50,"iceandfire:silver_pickaxe":1,"minecraft:arrow":2,"minecraft:rotten_flesh":8,"biomesoplenty:mahogany_sapling":9,"ecologics:coconut_log":9,"minecraft:gold_ingot":1,"supplementaries:ash":2,"minecraft:black_wool":1,"alexsmobs:flying_fish":1,"iceandfire:raw_silver":20,"minecraft:mutton":4,"minecraft:coal":30,"minecraft:white_wool":2,"minecraft:cobblestone":43},"minecraft:dropped":{"iceandfire:silver_axe":1,"minecraft:rotten_flesh":3,"tombstone:grave_key":5,"minecraft:andesite":2,"iceandfire:silver_pickaxe":1},"minecraft:mined":{"biomesoplenty:glowing_moss_block":2,"biomesoplenty:glowshroom":2,"iceandfire:silver_ore":21,"ecologics:coconut_planks":1,"minecraft:crafting_table":3,"minecraft:glow_lichen":1,"minecraft:melon":19,"galosphere:silver_ore":5,"minecraft:cobblestone":6,"regions_unexplored:daisy":1,"minecraft:diorite":2,"minecraft:wall_torch":4,"supplementaries:urn":2,"minecraft:tall_seagrass":1,"minecraft:furnace":4,"minecraft:iron_ore":38,"minecraft:andesite":2,"minecraft:yellow_bed":1,"treechop:chopped_log":5,"minecraft:deepslate_iron_ore":2,"minecraft:grass":3,"minecraft:coal_ore":32,"minecraft:sand":6,"minecraft:dirt":4,"minecraft:cracked_stone_bricks":1,"minecraft:bamboo":1,"minecraft:stone":38,"minecraft:stone_bricks":2,"minecraft:green_bed":1,"minecraft:fern":13},"minecraft:killed":{"minecraft:pig":2,"mca:male_zombie_villager":1,"alexsmobs:seal":2,"creeperoverhaul:bamboo_creeper":1,"minecraft:sheep":1,"minecraft:skeleton":1,"alexsmobs:crocodile":1,"minecraft:zombie":4,"alexsmobs:elephant":1,"ecologics:squirrel":1,"minecraft:panda":1,"ecologics:coconut_crab":1,"artifacts:mimic":1,"alexsmobs:flying_fish":1},"minecraft:used":{"biomesoplenty:mahogany_planks":13,"minecraft:diorite":1,"iceandfire:silver_sword":41,"minecraft:stone_pickaxe":87,"biomesoplenty:glowshroom":1,"minecraft:wooden_pickaxe":17,"tombstone:lollipop":1,"ecologics:coconut_planks":7,"minecraft:rotten_flesh":4,"minecraft:cracked_stone_bricks":1,"minecraft:torch":9,"minecraft:dirt":8,"minecraft:sand":6,"minecraft:crafting_table":6,"iceandfire:silver_pickaxe":69,"minecraft:wooden_axe":2,"sophisticatedbackpacks:backpack":1,"minecraft:melon_slice":19,"tombstone:grave_key":3,"minecraft:stone_axe":74,"biomesoplenty:mahogany_boat":1,"ecologics:coconut_slice":7,"delightful:green_tea_leaf":2,"minecraft:cobblestone":6,"minecraft:furnace":4,"minecraft:cooked_porkchop":6,"minecraft:andesite":1,"ecologics:walnut":4,"tombstone:gift":2,"ecologics:coconut_seedling":2,"minecraft:golden_axe":17},"minecraft:crafted":{"iceandfire:silver_axe":1,"iceandfire:silver_ingot":13,"minecraft:cooked_porkchop":6,"minecraft:crafting_table":2,"ecologics:coconut_planks":34,"biomesoplenty:mahogany_planks":198,"minecraft:wooden_pickaxe":1,"ecologics:walnut_planks":20,"minecraft:furnace":1,"minecraft:bone_meal":5,"minecraft:stone_axe":2,"minecraft:bamboo_planks":4,"minecraft:bow":1,"minecraft:stick":28,"minecraft:iron_ingot":3,"minecraft:stone_pickaxe":1,"minecraft:wooden_axe":1,"biomesoplenty:mahogany_boat":1,"galosphere:silver_ingot":6,"minecraft:torch":12,"iceandfire:silver_pickaxe":1,"iceandfire:silver_sword":1}},"DataVersion":3465}