{"stats":{"minecraft:custom":{"minecraft:time_since_rest":12094,"minecraft:sprint_one_cm":33775,"minecraft:damage_taken":20,"minecraft:walk_one_cm":96882,"minecraft:mob_kills":1,"minecraft:damage_dealt":189,"minecraft:interact_with_crafting_table":1,"minecraft:fly_one_cm":3965,"minecraft:open_chest":2,"minecraft:crouch_one_cm":158,"minecraft:play_time":37290,"minecraft:sneak_time":650,"minecraft:walk_under_water_one_cm":3760,"minecraft:jump":122,"minecraft:leave_game":1,"minecraft:walk_on_water_one_cm":15894,"minecraft:time_since_death":37290,"minecraft:sleep_in_bed":2,"minecraft:total_world_time":37290,"minecraft:climb_one_cm":131,"minecraft:fall_one_cm":476},"minecraft:picked_up":{"minecraft:stick":6,"minecraft:jungle_log":10,"minecraft:big_dripleaf":5,"minecraft:dirt":1,"biomesoplenty:mahogany_log":27,"minecraft:rotten_flesh":2,"minecraft:wheat_seeds":51,"biomesoplenty:mahogany_sapling":12,"minecraft:poppy":3,"supplementaries:ash":1,"minecraft:bamboo":1,"biomesoplenty:mahogany_planks":1,"biomesoplenty:orange_cosmos":2},"minecraft:mined":{"minecraft:large_fern":10,"minecraft:seagrass":1,"biomesoplenty:orange_cosmos":2,"treechop:chopped_log":3,"minecraft:big_dripleaf_stem":1,"minecraft:grass":81,"minecraft:grass_block":2,"minecraft:poppy":3,"biomesoplenty:mahogany_planks":1,"biomesoplenty:mahogany_sapling":4,"minecraft:fern":403,"minecraft:big_dripleaf":1},"minecraft:killed":{"creeperoverhaul:bamboo_creeper":1},"minecraft:crafted":{"minecraft:wooden_sword":1,"minecraft:stick":4,"biomesoplenty:mahogany_planks":96,"minecraft:wooden_axe":2},"minecraft:used":{"biomesoplenty:mahogany_planks":20,"minecraft:wooden_axe":53,"biomesoplenty:mahogany_sapling":5,"minecraft:wooden_sword":85,"alexsmobs:animal_dictionary":2}},"DataVersion":3465}