{
  "comforts:sleeping_bag_light_blue": {
    "criteria": {
      "has_the_recipe": "2024-10-29 00:19:06 +0000"
    },
    "done": true
  },
  "mcwfencesbop:recipes/flowering_oak_hedge": {
    "criteria": {
      "has_birch": "2024-10-29 00:19:06 +0000"
    },
    "done": true
  },
  "iceandfire:iceandfire/root": {
    "criteria": {
      "tick": "2024-10-29 00:19:06 +0000"
    },
    "done": true
  },
  "mcwfences:recipes/stone": {
    "criteria": {
      "has_stone": "2024-10-29 00:19:06 +0000"
    },
    "done": true
  },
  "mcwfences:recipes/end": {
    "criteria": {
      "has_end_brick": "2024-10-29 00:19:06 +0000"
    },
    "done": true
  },
  "comforts:hammock_purple": {
    "criteria": {
      "has_the_recipe": "2024-10-29 00:19:06 +0000"
    },
    "done": true
  },
  "comforts:sleeping_bag_pink": {
    "criteria": {
      "has_the_recipe": "2024-10-29 00:19:06 +0000"
    },
    "done": true
  },
  "comforts:hammock_magenta": {
    "criteria": {
      "has_the_recipe": "2024-10-29 00:19:06 +0000"
    },
    "done": true
  },
  "mcwfences:recipes/bamboo": {
    "criteria": {
      "has_bamboo": "2024-10-29 00:19:06 +0000"
    },
    "done": true
  },
  "comforts:hammock_red": {
    "criteria": {
      "has_the_recipe": "2024-10-29 00:19:06 +0000"
    },
    "done": true
  },
  "mcwfencesbop:recipes/fir": {
    "criteria": {
      "has_acacia": "2024-10-29 00:19:06 +0000"
    },
    "done": true
  },
  "mcwfences:recipes/deepslate": {
    "criteria": {
      "has_deepslate": "2024-10-29 00:19:06 +0000"
    },
    "done": true
  },
  "comforts:sleeping_bag_white": {
    "criteria": {
      "has_the_recipe": "2024-10-29 00:19:06 +0000"
    },
    "done": true
  },
  "comforts:sleeping_bag_gray": {
    "criteria": {
      "has_the_recipe": "2024-10-29 00:19:06 +0000"
    },
    "done": true
  },
  "comforts:rope_and_nail": {
    "criteria": {
      "has_the_recipe": "2024-10-29 00:19:06 +0000"
    },
    "done": true
  },
  "mcwfencesbop:recipes/yellow_autumn_hedge": {
    "criteria": {
      "has_birch": "2024-10-29 00:19:06 +0000"
    },
    "done": true
  },
  "explorerscompass:explorers_compass_cracked_stone_bricks": {
    "criteria": {
      "has_recipe": "2024-10-29 00:19:06 +0000"
    },
    "done": true
  },
  "mcwfencesbop:recipes/origin_hedge": {
    "criteria": {
      "has_birch": "2024-10-29 00:19:06 +0000"
    },
    "done": true
  },
  "comforts:sleeping_bag_cyan": {
    "criteria": {
      "has_the_recipe": "2024-10-29 00:19:06 +0000"
    },
    "done": true
  },
  "mcwfencesbop:recipes/maple_hedge": {
    "criteria": {
      "has_birch": "2024-10-29 00:19:06 +0000"
    },
    "done": true
  },
  "mcwfences:recipes/dark_oak": {
    "criteria": {
      "has_dark_oak": "2024-10-29 00:19:06 +0000"
    },
    "done": true
  },
  "comforts:sleeping_bag_light_gray": {
    "criteria": {
      "has_the_recipe": "2024-10-29 00:19:06 +0000"
    },
    "done": true
  },
  "comforts:hammock_black": {
    "criteria": {
      "has_the_recipe": "2024-10-29 00:19:06 +0000"
    },
    "done": true
  },
  "tombstone:adventure/halloween": {
    "criteria": {
      "coded_trigger": "2024-10-29 00:19:06 +0000"
    },
    "done": true
  },
  "mcwfencesbop:recipes/orange_autumn_hedge": {
    "criteria": {
      "has_birch": "2024-10-29 00:19:06 +0000"
    },
    "done": true
  },
  "mcwfences:recipes/spruce": {
    "criteria": {
      "has_spruce": "2024-10-29 00:19:06 +0000"
    },
    "done": true
  },
  "mcwfencesbop:recipes/hellbark_hedge": {
    "criteria": {
      "has_birch": "2024-10-29 00:19:06 +0000"
    },
    "done": true
  },
  "mcwfencesbop:recipes/magic": {
    "criteria": {
      "has_acacia": "2024-10-29 00:19:06 +0000"
    },
    "done": true
  },
  "mcwfencesbop:recipes/jacaranda_hedge": {
    "criteria": {
      "has_birch": "2024-10-29 00:19:06 +0000"
    },
    "done": true
  },
  "mcwfencesbop:recipes/umbran_hedge": {
    "criteria": {
      "has_birch": "2024-10-29 00:19:06 +0000"
    },
    "done": true
  },
  "mcwfences:recipes/crimson": {
    "criteria": {
      "has_crimson": "2024-10-29 00:19:06 +0000"
    },
    "done": true
  },
  "mcwfences:recipes/prismarine": {
    "criteria": {
      "has_qq": "2024-10-29 00:19:06 +0000"
    },
    "done": true
  },
  "farmersdelight:main/root": {
    "criteria": {
      "seeds": "2024-10-29 00:19:06 +0000"
    },
    "done": true
  },
  "mcwfences:recipes/quartz": {
    "criteria": {
      "has_qq": "2024-10-29 00:19:06 +0000"
    },
    "done": true
  },
  "naturescompass:natures_compass_log": {
    "criteria": {
      "has_recipe": "2024-10-29 00:19:06 +0000"
    },
    "done": true
  },
  "comforts:hammock_gray": {
    "criteria": {
      "has_the_recipe": "2024-10-29 00:19:06 +0000"
    },
    "done": true
  },
  "mcwfences:recipes/sandstone": {
    "criteria": {
      "has_sand": "2024-10-29 00:19:06 +0000"
    },
    "done": true
  },
  "queen_bee:root": {
    "criteria": {
      "root": "2024-10-29 00:19:06 +0000"
    },
    "done": true
  },
  "comforts:hammock_cyan": {
    "criteria": {
      "has_the_recipe": "2024-10-29 00:19:06 +0000"
    },
    "done": true
  },
  "comforts:sleeping_bag_purple": {
    "criteria": {
      "has_the_recipe": "2024-10-29 00:19:06 +0000"
    },
    "done": true
  },
  "biomesoplenty:biomesoplenty/root": {
    "criteria": {
      "rainforest": "2024-10-29 00:19:06 +0000"
    },
    "done": true
  },
  "comforts:sleeping_bag_green": {
    "criteria": {
      "has_the_recipe": "2024-10-29 00:19:06 +0000"
    },
    "done": true
  },
  "comforts:hammock_light_blue": {
    "criteria": {
      "has_the_recipe": "2024-10-29 00:19:06 +0000"
    },
    "done": true
  },
  "ironfurnaces:coal": {
    "criteria": {
      "rainbowcoal": "2024-10-29 00:19:06 +0000"
    },
    "done": true
  },
  "mcwfences:recipes/acacia": {
    "criteria": {
      "has_acacia": "2024-10-29 00:19:06 +0000"
    },
    "done": true
  },
  "mcwfencesbop:recipes/rainbow_birch_hedge": {
    "criteria": {
      "has_birch": "2024-10-29 00:19:06 +0000"
    },
    "done": true
  },
  "comforts:sleeping_bag_magenta": {
    "criteria": {
      "has_the_recipe": "2024-10-29 00:19:06 +0000"
    },
    "done": true
  },
  "comforts:hammock_green": {
    "criteria": {
      "has_the_recipe": "2024-10-29 00:19:06 +0000"
    },
    "done": true
  },
  "mcwfencesbop:recipes/hellbark": {
    "criteria": {
      "has_acacia": "2024-10-29 00:19:06 +0000"
    },
    "done": true
  },
  "mcwfencesbop:recipes/dead_hedge": {
    "criteria": {
      "has_birch": "2024-10-29 00:19:06 +0000"
    },
    "done": true
  },
  "mcwfencesbop:recipes/snowblossom_hedge": {
    "criteria": {
      "has_birch": "2024-10-29 00:19:06 +0000"
    },
    "done": true
  },
  "naturescompass:natures_compass": {
    "criteria": {
      "has_recipe": "2024-10-29 00:19:06 +0000"
    },
    "done": true
  },
  "mcwfencesbop:recipes/umbran": {
    "criteria": {
      "has_acacia": "2024-10-29 00:19:06 +0000"
    },
    "done": true
  },
  "comforts:sleeping_bag_black": {
    "criteria": {
      "has_the_recipe": "2024-10-29 00:19:06 +0000"
    },
    "done": true
  },
  "mcwfences:recipes/jungle": {
    "criteria": {
      "has_jungle": "2024-10-29 00:19:06 +0000"
    },
    "done": true
  },
  "mcwfences:recipes/oak": {
    "criteria": {
      "has_oak": "2024-10-29 00:19:06 +0000"
    },
    "done": true
  },
  "comforts:hammock_lime": {
    "criteria": {
      "has_the_recipe": "2024-10-29 00:19:06 +0000"
    },
    "done": true
  },
  "naturescompass:natures_compass_sapling": {
    "criteria": {
      "has_recipe": "2024-10-29 00:19:06 +0000"
    },
    "done": true
  },
  "mcwfencesbop:recipes/willow_hedge": {
    "criteria": {
      "has_birch": "2024-10-29 00:19:06 +0000"
    },
    "done": true
  },
  "comforts:sleeping_bag_red": {
    "criteria": {
      "has_the_recipe": "2024-10-29 00:19:06 +0000"
    },
    "done": true
  },
  "biomesoplenty:biomesoplenty/all_biomes": {
    "criteria": {
      "woodland": "2024-11-01 01:00:32 +0000",
      "shrubland": "2024-11-01 01:26:07 +0000",
      "rocky_shrubland": "2024-11-01 01:25:15 +0000",
      "scrubland": "2024-11-01 01:11:10 +0000",
      "old_growth_woodland": "2024-10-29 00:53:43 +0000",
      "spider_nest": "2024-10-29 01:08:57 +0000",
      "wasteland": "2024-10-29 01:05:41 +0000",
      "wasteland_steppe": "2024-11-01 00:56:20 +0000",
      "volcanic_plains": "2024-10-29 21:56:35 +0000",
      "glowing_grotto": "2024-10-29 23:42:09 +0000",
      "rainforest": "2024-10-29 00:19:06 +0000"
    },
    "done": false
  },
  "comforts:sleeping_bag_orange": {
    "criteria": {
      "has_the_recipe": "2024-10-29 00:19:06 +0000"
    },
    "done": true
  },
  "comforts:hammock_blue": {
    "criteria": {
      "has_the_recipe": "2024-10-29 00:19:06 +0000"
    },
    "done": true
  },
  "travelersbackpack:standard_from_custom": {
    "criteria": {
      "has_the_recipe": "2024-10-29 00:19:06 +0000"
    },
    "done": true
  },
  "mca:recipes/building_blocks/headstones": {
    "criteria": {
      "has_the_cross_recipe": "2024-10-29 00:19:06 +0000"
    },
    "done": true
  },
  "comforts:hammock_white": {
    "criteria": {
      "has_the_recipe": "2024-10-29 00:19:06 +0000"
    },
    "done": true
  },
  "mcwfencesbop:recipes/willow": {
    "criteria": {
      "has_acacia": "2024-10-29 00:19:06 +0000"
    },
    "done": true
  },
  "mcwfences:recipes/mud_brick": {
    "criteria": {
      "has_qq": "2024-10-29 00:19:06 +0000"
    },
    "done": true
  },
  "mcwfences:recipes/mangrove": {
    "criteria": {
      "has_mangrove": "2024-10-29 00:19:06 +0000"
    },
    "done": true
  },
  "mcwfences:recipes/warped": {
    "criteria": {
      "has_warped": "2024-10-29 00:19:06 +0000"
    },
    "done": true
  },
  "mowziesmobs:root": {
    "criteria": {
      "custom_test_name": "2024-10-29 00:19:06 +0000"
    },
    "done": true
  },
  "comforts:hammock_light_gray": {
    "criteria": {
      "has_the_recipe": "2024-10-29 00:19:06 +0000"
    },
    "done": true
  },
  "mcwfencesbop:recipes/palm_hedge": {
    "criteria": {
      "has_birch": "2024-10-29 00:19:06 +0000"
    },
    "done": true
  },
  "comforts:sleeping_bag_brown": {
    "criteria": {
      "has_the_recipe": "2024-10-29 00:19:06 +0000"
    },
    "done": true
  },
  "betterdungeons:root": {
    "criteria": {
      "always": "2024-10-29 00:19:06 +0000"
    },
    "done": true
  },
  "lootr:root": {
    "criteria": {
      "always_true": "2024-10-29 00:19:06 +0000"
    },
    "done": true
  },
  "mcwfences:recipes/blackstone": {
    "criteria": {
      "has_blackstone": "2024-10-29 00:19:06 +0000"
    },
    "done": true
  },
  "mcwfencesbop:recipes/magic_hedge": {
    "criteria": {
      "has_birch": "2024-10-29 00:19:06 +0000"
    },
    "done": true
  },
  "mcwfencesbop:recipes/mahogany": {
    "criteria": {
      "has_acacia": "2024-10-29 00:19:06 +0000"
    },
    "done": true
  },
  "comforts:hammock_pink": {
    "criteria": {
      "has_the_recipe": "2024-10-29 00:19:06 +0000"
    },
    "done": true
  },
  "comforts:hammock_brown": {
    "criteria": {
      "has_the_recipe": "2024-10-29 00:19:06 +0000"
    },
    "done": true
  },
  "comforts:sleeping_bag_lime": {
    "criteria": {
      "has_the_recipe": "2024-10-29 00:19:06 +0000"
    },
    "done": true
  },
  "comforts:hammock_yellow": {
    "criteria": {
      "has_the_recipe": "2024-10-29 00:19:06 +0000"
    },
    "done": true
  },
  "explorerscompass:explorers_compass_cobweb": {
    "criteria": {
      "has_recipe": "2024-10-29 00:19:06 +0000"
    },
    "done": true
  },
  "mcwfences:recipes/hedge": {
    "criteria": {
      "has_birch": "2024-10-29 00:19:06 +0000"
    },
    "done": true
  },
  "mcwfencesbop:recipes/palm": {
    "criteria": {
      "has_acacia": "2024-10-29 00:19:06 +0000"
    },
    "done": true
  },
  "mcwfencesbop:recipes/redwood_hedge": {
    "criteria": {
      "has_birch": "2024-10-29 00:19:06 +0000"
    },
    "done": true
  },
  "comforts:sleeping_bag_blue": {
    "criteria": {
      "has_the_recipe": "2024-10-29 00:19:06 +0000"
    },
    "done": true
  },
  "mcwfencesbop:recipes/jacaranda": {
    "criteria": {
      "has_acacia": "2024-10-29 00:19:06 +0000"
    },
    "done": true
  },
  "mcwfences:recipes/nether": {
    "criteria": {
      "has_nether_brick": "2024-10-29 00:19:06 +0000"
    },
    "done": true
  },
  "betterdeserttemples:root": {
    "criteria": {
      "always": "2024-10-29 00:19:06 +0000"
    },
    "done": true
  },
  "mcwfencesbop:recipes/dead": {
    "criteria": {
      "has_acacia": "2024-10-29 00:19:06 +0000"
    },
    "done": true
  },
  "mcwfencesbop:recipes/mahogany_hedge": {
    "criteria": {
      "has_birch": "2024-10-29 00:19:06 +0000"
    },
    "done": true
  },
  "tombstone:adventure/root": {
    "criteria": {
      "auto": "2024-10-29 00:19:06 +0000"
    },
    "done": true
  },
  "cataclysm:root": {
    "criteria": {
      "custom_test_name": "2024-10-29 00:19:06 +0000"
    },
    "done": true
  },
  "comforts:sleeping_bag_yellow": {
    "criteria": {
      "has_the_recipe": "2024-10-29 00:19:06 +0000"
    },
    "done": true
  },
  "mcwfences:recipes/birch": {
    "criteria": {
      "has_birch": "2024-10-29 00:19:06 +0000"
    },
    "done": true
  },
  "regions_unexplored:parent": {
    "criteria": {
      "load_in_world": "2024-10-29 00:19:06 +0000"
    },
    "done": true
  },
  "mcwfencesbop:recipes/redwood": {
    "criteria": {
      "has_acacia": "2024-10-29 00:19:06 +0000"
    },
    "done": true
  },
  "explorerscompass:explorers_compass": {
    "criteria": {
      "has_recipe": "2024-10-29 00:19:06 +0000"
    },
    "done": true
  },
  "comforts:hammock_orange": {
    "criteria": {
      "has_the_recipe": "2024-10-29 00:19:06 +0000"
    },
    "done": true
  },
  "mcwfencesbop:recipes/fir_hedge": {
    "criteria": {
      "has_birch": "2024-10-29 00:19:06 +0000"
    },
    "done": true
  },
  "minecraft:adventure/adventuring_time": {
    "criteria": {
      "minecraft:savanna_plateau": "2024-11-01 01:23:40 +0000",
      "minecraft:beach": "2024-10-29 00:21:04 +0000",
      "minecraft:lukewarm_ocean": "2024-10-29 00:52:08 +0000",
      "minecraft:river": "2024-10-29 01:06:25 +0000",
      "minecraft:forest": "2024-11-01 01:25:21 +0000",
      "minecraft:jungle": "2024-10-29 23:59:39 +0000",
      "minecraft:savanna": "2024-10-29 00:39:48 +0000",
      "minecraft:plains": "2024-10-29 00:23:32 +0000"
    },
    "done": false
  },
  "mcwroofs:recipes/concrete": {
    "criteria": {
      "has_planks": "2024-10-29 00:21:35 +0000"
    },
    "done": true
  },
  "paraglider:root": {
    "criteria": {
      "crafting_table": "2024-10-29 00:22:16 +0000"
    },
    "done": true
  },
  "aquamirae:adventure/root": {
    "criteria": {
      "crafting_table": "2024-10-29 00:22:16 +0000"
    },
    "done": true
  },
  "minecraft:story/root": {
    "criteria": {
      "crafting_table": "2024-10-29 00:22:16 +0000"
    },
    "done": true
  },
  "dungeonnowloading:story/root": {
    "criteria": {
      "obtain_crafting_table": "2024-10-29 00:22:16 +0000"
    },
    "done": true
  },
  "minecraft:story/mine_stone": {
    "criteria": {
      "get_stone": "2024-10-29 00:23:35 +0000"
    },
    "done": true
  },
  "mcwroofs:recipes/cobblestone": {
    "criteria": {
      "has_planks": "2024-10-29 00:23:35 +0000"
    },
    "done": true
  },
  "mcwroofs:recipes/granite": {
    "criteria": {
      "has_planks": "2024-10-29 00:25:12 +0000"
    },
    "done": true
  },
  "minecraft:story/upgrade_tools": {
    "criteria": {
      "stone_pickaxe": "2024-10-29 00:26:57 +0000"
    },
    "done": true
  },
  "mutantmonsters:root": {
    "criteria": {
      "killed_something": "2024-10-29 00:28:47 +0000"
    },
    "done": true
  },
  "minecraft:adventure/root": {
    "criteria": {
      "killed_something": "2024-10-29 00:28:47 +0000"
    },
    "done": true
  },
  "minecraft:adventure/kill_all_mobs": {
    "criteria": {
      "minecraft:pillager": "2024-10-31 17:28:25 +0000",
      "minecraft:skeleton": "2024-10-29 00:53:36 +0000",
      "minecraft:hoglin": "2024-11-01 00:18:11 +0000",
      "minecraft:vindicator": "2024-10-30 01:22:03 +0000",
      "minecraft:spider": "2024-10-29 00:53:26 +0000",
      "minecraft:creeper": "2024-10-29 00:53:15 +0000",
      "quark:forgotten": "2024-10-30 00:00:07 +0000",
      "minecraft:witch": "2024-10-31 23:59:56 +0000",
      "minecraft:wither_skeleton": "2024-10-31 20:25:48 +0000",
      "minecraft:husk": "2024-10-31 22:57:37 +0000",
      "minecraft:cave_spider": "2024-10-29 23:43:40 +0000",
      "minecraft:silverfish": "2024-10-30 01:31:39 +0000",
      "minecraft:stray": "2024-10-31 20:22:52 +0000",
      "minecraft:enderman": "2024-10-31 22:57:41 +0000",
      "minecraft:zombie": "2024-10-29 00:28:47 +0000",
      "minecraft:drowned": "2024-10-29 21:59:20 +0000"
    },
    "done": false
  },
  "minecraft:adventure/kill_a_mob": {
    "criteria": {
      "minecraft:zombie": "2024-10-29 00:28:47 +0000"
    },
    "done": true
  },
  "minecraft:husbandry/balanced_diet": {
    "criteria": {
      "cooked_beef": "2024-10-31 20:19:43 +0000",
      "baked_potato": "2024-10-30 00:16:15 +0000",
      "glow_berries": "2024-10-30 01:28:19 +0000",
      "cooked_chicken": "2024-10-31 20:23:04 +0000",
      "cooked_mutton": "2024-10-29 00:41:34 +0000",
      "sweet_berries": "2024-10-30 01:38:48 +0000",
      "apple": "2024-10-29 23:53:42 +0000",
      "cooked_cod": "2024-11-01 01:13:11 +0000",
      "bread": "2024-10-29 21:45:47 +0000",
      "golden_apple": "2024-10-30 01:29:39 +0000",
      "rotten_flesh": "2024-10-29 00:29:30 +0000",
      "melon_slice": "2024-10-29 01:03:13 +0000",
      "golden_carrot": "2024-10-31 23:51:53 +0000",
      "cooked_rabbit": "2024-10-31 20:17:12 +0000",
      "cooked_salmon": "2024-10-29 20:17:46 +0000",
      "carrot": "2024-10-31 20:11:33 +0000"
    },
    "done": false
  },
  "minecraft:husbandry/root": {
    "criteria": {
      "consumed_item": "2024-10-29 00:29:30 +0000"
    },
    "done": true
  },
  "mca:recipes/misc/comb": {
    "criteria": {
      "has_item": "2024-10-29 00:31:22 +0000"
    },
    "done": true
  },
  "mcwroofs:recipes/gutters": {
    "criteria": {
      "has_planks": "2024-10-29 00:31:22 +0000"
    },
    "done": true
  },
  "minecraft:story/smelt_iron": {
    "criteria": {
      "iron": "2024-10-29 00:31:22 +0000"
    },
    "done": true
  },
  "mca:recipes/misc/needle_and_thread": {
    "criteria": {
      "has_item": "2024-10-29 00:31:22 +0000"
    },
    "done": true
  },
  "mca:recipes/misc/whistle": {
    "criteria": {
      "has_item": "2024-10-29 00:31:22 +0000"
    },
    "done": true
  },
  "alexsmobs:alexsmobs/seagull_steal": {
    "criteria": {
      "ex": "2024-10-29 00:33:48 +0000"
    },
    "done": true
  },
  "lootr:social": {
    "criteria": {
      "opened_barrel": "2024-10-29 00:35:08 +0000",
      "opened_chest": "2024-10-29 00:35:11 +0000"
    },
    "done": false
  },
  "lootr:1barrel": {
    "criteria": {
      "opened_barrel": "2024-10-29 00:35:08 +0000"
    },
    "done": true
  },
  "lootr:1chest": {
    "criteria": {
      "opened_chest": "2024-10-29 00:35:11 +0000"
    },
    "done": true
  },
  "minecraft:story/iron_tools": {
    "criteria": {
      "iron_pickaxe": "2024-10-29 00:35:15 +0000"
    },
    "done": true
  },
  "minecraft:adventure/sleep_in_bed": {
    "criteria": {
      "slept_in_bed": "2024-10-29 00:35:31 +0000"
    },
    "done": true
  },
  "new_slab_variants:recipes/building_blocks/pumpkin_slab": {
    "criteria": {
      "has_pumpkin": "2024-10-29 00:38:29 +0000"
    },
    "done": true
  },
  "new_slab_variants:recipes/building_blocks/white_wool_slab": {
    "criteria": {
      "has_white_wool": "2024-10-29 00:39:12 +0000"
    },
    "done": true
  },
  "mcwroofs:recipes/awning": {
    "criteria": {
      "has_planks": "2024-10-29 00:39:12 +0000"
    },
    "done": true
  },
  "galosphere:adventure/silver_ingot": {
    "criteria": {
      "silver_ingot": "2024-10-29 00:46:14 +0000"
    },
    "done": true
  },
  "new_slab_variants:recipes/building_blocks/acacia_log_slab": {
    "criteria": {
      "has_acacia_log": "2024-10-29 00:47:19 +0000"
    },
    "done": true
  },
  "alexsmobs:alexsmobs/acacia_blossom": {
    "criteria": {
      "acacia_blossom": "2024-10-29 00:47:19 +0000"
    },
    "done": true
  },
  "mcwroofs:recipes/acacia": {
    "criteria": {
      "has_planks": "2024-10-29 00:47:19 +0000"
    },
    "done": true
  },
  "regions_unexplored:regions_explored": {
    "criteria": {
      "grassy_beach": "2024-10-29 00:53:06 +0000",
      "mycotoxic_undergrowth": "2024-11-01 00:17:02 +0000",
      "highland_fields": "2024-11-01 01:28:40 +0000",
      "outback": "2024-10-29 22:00:40 +0000",
      "sparse_redwoods": "2024-10-30 01:20:17 +0000",
      "joshua_desert": "2024-11-01 00:56:43 +0000",
      "glistering_meadow": "2024-11-01 00:16:16 +0000",
      "bamboo_forest": "2024-10-29 00:49:55 +0000",
      "temperate_grove": "2024-11-01 01:25:16 +0000",
      "grassland": "2024-10-29 00:48:31 +0000",
      "redwoods": "2024-10-30 00:15:55 +0000",
      "rainforest": "2024-10-29 01:09:54 +0000"
    },
    "done": false
  },
  "regions_unexplored:pioneer": {
    "criteria": {
      "grassy_beach": "2024-10-29 00:53:06 +0000",
      "highland_fields": "2024-11-01 01:28:40 +0000",
      "outback": "2024-10-29 22:00:40 +0000",
      "sparse_redwoods": "2024-10-30 01:20:17 +0000",
      "joshua_desert": "2024-11-01 00:56:43 +0000",
      "bamboo_forest": "2024-10-29 00:49:55 +0000",
      "temperate_grove": "2024-11-01 01:25:16 +0000",
      "grassland": "2024-10-29 00:48:31 +0000",
      "redwoods": "2024-10-30 00:15:55 +0000",
      "rainforest": "2024-10-29 01:09:54 +0000"
    },
    "done": false
  },
  "new_slab_variants:recipes/building_blocks/gray_wool_slab": {
    "criteria": {
      "has_gray_wool": "2024-10-29 00:49:35 +0000"
    },
    "done": true
  },
  "artifacts:amateur_archaeologist": {
    "criteria": {
      "find_artifact": "2024-10-29 00:50:33 +0000"
    },
    "done": true
  },
  "regions_unexplored:got_wood": {
    "criteria": {
      "joshua_log": "2024-11-01 00:57:18 +0000",
      "redwood_log": "2024-10-31 22:59:06 +0000",
      "bamboo_log": "2024-10-29 00:51:42 +0000"
    },
    "done": false
  },
  "alexsmobs:alexsmobs/crocodile": {
    "criteria": {
      "killed_by": "2024-10-29 00:59:04 +0000"
    },
    "done": true
  },
  "tombstone:adventure/eat_lollipop": {
    "criteria": {
      "coded_trigger": "2024-10-29 01:01:58 +0000"
    },
    "done": true
  },
  "tombstone:adventure/expert_tasting": {
    "criteria": {
      "eat_lollipop_4": "2024-10-29 23:48:30 +0000",
      "eat_lollipop_2": "2024-10-29 21:24:43 +0000",
      "eat_lollipop_5": "2024-10-29 01:01:58 +0000"
    },
    "done": false
  },
  "new_slab_variants:recipes/building_blocks/jungle_leaves_slab": {
    "criteria": {
      "has_jungle_leaves": "2024-10-29 01:01:58 +0000"
    },
    "done": true
  },
  "tombstone:adventure/first_grave": {
    "criteria": {
      "coded_trigger": "2024-10-29 01:05:00 +0000"
    },
    "done": true
  },
  "tombstone:recipes/from_grave_key": {
    "criteria": {
      "has_ingredient": "2024-10-29 01:05:02 +0000"
    },
    "done": true
  },
  "tombstone:adventure/enchant_grave_key": {
    "criteria": {
      "has_upgraded_grave_key": "2024-10-29 01:05:02 +0000"
    },
    "done": true
  },
  "new_slab_variants:recipes/building_blocks/raw_gold_block_slab": {
    "criteria": {
      "has_raw_gold_block": "2024-10-29 01:10:13 +0000"
    },
    "done": true
  },
  "tombstone:adventure/cancel_ghostly_shape": {
    "criteria": {
      "coded_trigger": "2024-10-29 02:04:10 +0000"
    },
    "done": true
  },
  "tombstone:adventure/first_knowledge": {
    "criteria": {
      "coded_trigger": "2024-10-29 02:04:10 +0000"
    },
    "done": true
  },
  "tombstone:recipes/from_grave_dust": {
    "criteria": {
      "has_ingredient": "2024-10-29 02:04:21 +0000"
    },
    "done": true
  },
  "tombstone:adventure/teleport_to_grave": {
    "criteria": {
      "coded_trigger": "2024-10-29 02:14:06 +0000"
    },
    "done": true
  },
  "mcwroofs:recipes/grass": {
    "criteria": {
      "has_planks": "2024-10-29 02:14:12 +0000"
    },
    "done": true
  },
  "tombstone:adventure/chain_death": {
    "criteria": {
      "coded_trigger": "2024-10-29 02:22:29 +0000"
    },
    "done": true
  },
  "alexsmobs:alexsmobs/banana": {
    "criteria": {
      "banana": "2024-10-29 20:12:38 +0000"
    },
    "done": true
  },
  "new_slab_variants:recipes/building_blocks/jungle_log_slab": {
    "criteria": {
      "has_jungle_log": "2024-10-29 20:12:58 +0000"
    },
    "done": true
  },
  "mcwroofs:recipes/jungle": {
    "criteria": {
      "has_planks": "2024-10-29 20:12:58 +0000"
    },
    "done": true
  },
  "minecraft:husbandry/plant_seed": {
    "criteria": {
      "wheat": "2024-10-29 20:14:51 +0000"
    },
    "done": true
  },
  "farmersdelight:main/plant_all_crops": {
    "criteria": {
      "cocoa": "2024-10-29 21:35:25 +0000",
      "potato": "2024-10-31 19:29:24 +0000",
      "wheat": "2024-10-29 20:14:51 +0000"
    },
    "done": false
  },
  "mcwroofs:recipes/jungle_planks": {
    "criteria": {
      "has_planks": "2024-10-29 20:18:12 +0000"
    },
    "done": true
  },
  "mcwroofs:recipes/thatch": {
    "criteria": {
      "has_planks": "2024-10-29 21:07:19 +0000"
    },
    "done": true
  },
  "alexscaves:alexscaves/deepsight": {
    "criteria": {
      "all_effects": "2024-10-29 21:24:43 +0000"
    },
    "done": true
  },
  "tombstone:adventure/strong_or_careful": {
    "criteria": {
      "coded_trigger": "2024-10-29 21:29:28 +0000"
    },
    "done": true
  },
  "minecraft:story/obtain_armor": {
    "criteria": {
      "iron_helmet": "2024-10-29 21:42:27 +0000"
    },
    "done": true
  },
  "graveyard:graveyard/corruption": {
    "criteria": {
      "corruption": "2024-10-29 22:01:18 +0000"
    },
    "done": true
  },
  "minecraft:story/deflect_arrow": {
    "criteria": {
      "deflected_projectile": "2024-10-29 22:01:42 +0000"
    },
    "done": true
  },
  "graveyard:graveyard/kill_while_blinded": {
    "criteria": {
      "kill_while_blinded": "2024-10-29 22:02:36 +0000"
    },
    "done": true
  },
  "tombstone:adventure/neighborhood_brawl": {
    "criteria": {
      "coded_trigger": "2024-10-29 22:30:37 +0000"
    },
    "done": true
  },
  "farmersdelight:main/craft_knife": {
    "criteria": {
      "golden_knife": "2024-10-29 22:33:17 +0000"
    },
    "done": true
  },
  "minecraft:story/mine_diamond": {
    "criteria": {
      "diamond": "2024-10-29 23:42:53 +0000"
    },
    "done": true
  },
  "alexsmobs:alexsmobs/murmur": {
    "criteria": {
      "killed_by": "2024-10-29 23:43:36 +0000"
    },
    "done": true
  },
  "tombstone:adventure/find_grave_dust": {
    "criteria": {
      "from_undead": "2024-10-29 23:43:56 +0000"
    },
    "done": true
  },
  "tombstone:adventure/ashes_and_bones": {
    "criteria": {
      "coded_trigger": "2024-10-29 23:43:56 +0000"
    },
    "done": true
  },
  "mca:recipes/misc/rose_gold_dust": {
    "criteria": {
      "has_item": "2024-10-29 23:43:57 +0000"
    },
    "done": true
  },
  "alexscaves:alexscaves/root": {
    "criteria": {
      "underground_cabin": "2024-10-29 23:45:25 +0000"
    },
    "done": true
  },
  "mca:recipes/misc/family_tree": {
    "criteria": {
      "has_item": "2024-10-29 23:45:47 +0000"
    },
    "done": true
  },
  "alexscaves:alexscaves/cave_tablet": {
    "criteria": {
      "cave_tablet": "2024-10-29 23:46:41 +0000"
    },
    "done": true
  },
  "alexscaves:alexscaves/cave_book": {
    "criteria": {
      "cave_book": "2024-10-29 23:46:43 +0000"
    },
    "done": true
  },
  "mca:recipes/misc/books": {
    "criteria": {
      "has_item": "2024-10-29 23:46:45 +0000"
    },
    "done": true
  },
  "mca:recipes/misc/blueprint": {
    "criteria": {
      "has_item": "2024-10-29 23:46:45 +0000"
    },
    "done": true
  },
  "quark:get_all_corundum": {
    "criteria": {
      "orange": "2024-10-29 23:48:10 +0000",
      "yellow": "2024-10-29 23:48:26 +0000"
    },
    "done": false
  },
  "quark:get_forgotten_hat": {
    "criteria": {
      "get_forgotten_hat": "2024-10-30 00:00:08 +0000"
    },
    "done": true
  },
  "new_slab_variants:recipes/building_blocks/tuff_slab": {
    "criteria": {
      "has_tuff": "2024-10-30 00:07:47 +0000"
    },
    "done": true
  },
  "new_slab_variants:recipes/building_blocks/smooth_basalt_slab": {
    "criteria": {
      "has_smooth_basalt": "2024-10-30 00:24:32 +0000"
    },
    "done": true
  },
  "new_slab_variants:recipes/building_blocks/calcite_slab": {
    "criteria": {
      "has_calcite": "2024-10-30 00:24:33 +0000"
    },
    "done": true
  },
  "new_slab_variants:recipes/building_blocks/amethyst_block_slab": {
    "criteria": {
      "has_amethyst_block": "2024-10-30 00:24:35 +0000"
    },
    "done": true
  },
  "new_slab_variants:recipes/building_blocks/deepslate_slab": {
    "criteria": {
      "has_deepslate": "2024-10-30 00:26:29 +0000"
    },
    "done": true
  },
  "mcwroofs:recipes/diorite": {
    "criteria": {
      "has_planks": "2024-10-30 00:36:55 +0000"
    },
    "done": true
  },
  "iceandfire:iceandfire/kill_ghost": {
    "criteria": {
      "killed_fire_dragon": "2024-10-30 01:16:16 +0000"
    },
    "done": true
  },
  "tombstone:adventure/ambush": {
    "criteria": {
      "coded_trigger": "2024-10-30 01:22:03 +0000"
    },
    "done": true
  },
  "lootr:10loot": {
    "criteria": {
      "loot_stat": "2024-10-30 01:23:21 +0000"
    },
    "done": true
  },
  "minecraft:adventure/shoot_arrow": {
    "criteria": {
      "shot_arrow": "2024-10-30 02:06:36 +0000"
    },
    "done": true
  },
  "alexscaves:alexscaves/cave_codex": {
    "criteria": {
      "cave_codex": "2024-10-30 02:17:34 +0000"
    },
    "done": true
  },
  "alexsmobs:alexsmobs/root": {
    "criteria": {
      "useitem": "2024-10-31 17:18:43 +0000"
    },
    "done": true
  },
  "graveyard:graveyard/dark_iron": {
    "criteria": {
      "dark_iron": "2024-10-31 17:19:27 +0000"
    },
    "done": true
  },
  "minecraft:adventure/voluntary_exile": {
    "criteria": {
      "voluntary_exile": "2024-10-31 17:28:25 +0000"
    },
    "done": true
  },
  "minecraft:husbandry/fishy_business": {
    "criteria": {
      "cod": "2024-10-31 19:25:07 +0000"
    },
    "done": true
  },
  "mcwroofs:recipes/andesite": {
    "criteria": {
      "has_planks": "2024-10-31 19:35:47 +0000"
    },
    "done": true
  },
  "mcwroofs:recipes/oak_planks": {
    "criteria": {
      "has_planks": "2024-10-31 20:07:05 +0000"
    },
    "done": true
  },
  "new_slab_variants:recipes/building_blocks/redstone_block_slab": {
    "criteria": {
      "has_redstone_block": "2024-10-31 20:07:51 +0000"
    },
    "done": true
  },
  "mca:recipes/misc/bouquet": {
    "criteria": {
      "has_item": "2024-10-31 20:09:54 +0000"
    },
    "done": true
  },
  "new_slab_variants:recipes/building_blocks/cracked_stone_bricks_slab": {
    "criteria": {
      "has_cracked_stone_bricks": "2024-10-31 20:10:11 +0000"
    },
    "done": true
  },
  "mca:recipes/misc/potions": {
    "criteria": {
      "has_item": "2024-10-31 20:11:16 +0000"
    },
    "done": true
  },
  "lootr:25loot": {
    "criteria": {
      "loot_stat": "2024-10-31 20:12:03 +0000"
    },
    "done": true
  },
  "minecraft:story/shiny_gear": {
    "criteria": {
      "diamond_boots": "2024-10-31 20:20:22 +0000"
    },
    "done": true
  },
  "tombstone:adventure/bone_crusher": {
    "criteria": {
      "coded_trigger": "2024-10-31 20:31:42 +0000"
    },
    "done": true
  },
  "new_slab_variants:recipes/building_blocks/emerald_block_slab": {
    "criteria": {
      "has_emerald_block": "2024-10-31 22:06:15 +0000"
    },
    "done": true
  },
  "alexscaves:alexscaves/cave_map": {
    "criteria": {
      "cave_map": "2024-10-31 22:10:12 +0000"
    },
    "done": true
  },
  "mcwroofs:recipes/stone": {
    "criteria": {
      "has_planks": "2024-10-31 22:55:51 +0000"
    },
    "done": true
  },
  "mcwroofs:recipes/stone_bricks": {
    "criteria": {
      "has_planks": "2024-10-31 22:55:51 +0000"
    },
    "done": true
  },
  "farmersdelight:main/get_fd_seed": {
    "criteria": {
      "rice": "2024-10-31 23:01:44 +0000"
    },
    "done": true
  },
  "dungeonnowloading:story/labyrinth/loot_simple_dungeon": {
    "criteria": {
      "loot_simple_dungeon": "2024-10-31 23:18:50 +0000"
    },
    "done": true
  },
  "lootr:50loot": {
    "criteria": {
      "loot_stat": "2024-10-31 23:22:54 +0000"
    },
    "done": true
  },
  "mcwroofs:recipes/nether_bricks": {
    "criteria": {
      "has_planks": "2024-10-31 23:46:43 +0000"
    },
    "done": true
  },
  "new_slab_variants:recipes/building_blocks/netherrack_slab": {
    "criteria": {
      "has_netherrack": "2024-10-31 23:47:40 +0000"
    },
    "done": true
  },
  "minecraft:nether/root": {
    "criteria": {
      "entered_nether": "2024-11-01 00:16:15 +0000"
    },
    "done": true
  },
  "minecraft:story/enter_the_nether": {
    "criteria": {
      "entered_nether": "2024-11-01 00:16:15 +0000"
    },
    "done": true
  },
  "bygonenether:root": {
    "criteria": {
      "entered_nether": "2024-11-01 00:16:15 +0000"
    },
    "done": true
  },
  "regions_unexplored:eternal_expedition": {
    "criteria": {
      "mycotoxic_undergrowth": "2024-11-01 00:17:02 +0000",
      "glistering_meadow": "2024-11-01 00:16:16 +0000"
    },
    "done": false
  },
  "new_slab_variants:recipes/building_blocks/glass_slab": {
    "criteria": {
      "has_glass": "2024-11-01 00:34:18 +0000"
    },
    "done": true
  },
  "new_slab_variants:recipes/building_blocks/gold_block_slab": {
    "criteria": {
      "has_gold_block": "2024-11-01 00:34:25 +0000"
    },
    "done": true
  },
  "new_slab_variants:recipes/building_blocks/infested_stone_slab": {
    "criteria": {
      "has_infested_stone": "2024-11-01 00:37:18 +0000"
    },
    "done": true
  },
  "betterarcheology:loot_vase_broken": {
    "criteria": {
      "criteria": "2024-11-01 00:58:08 +0000"
    },
    "done": true
  },
  "betterarcheology:artifact_shards": {
    "criteria": {
      "has_shards": "2024-11-01 00:58:09 +0000"
    },
    "done": true
  },
  "new_slab_variants:recipes/building_blocks/light_gray_wool_slab": {
    "criteria": {
      "has_light_gray_wool": "2024-11-01 01:02:34 +0000"
    },
    "done": true
  },
  "farmersdelight:main/get_ham": {
    "criteria": {
      "ham": "2024-11-01 01:07:08 +0000"
    },
    "done": true
  },
  "mcwroofs:recipes/dark_oak_planks": {
    "criteria": {
      "has_planks": "2024-11-01 01:08:50 +0000"
    },
    "done": true
  },
  "lootr:100loot": {
    "criteria": {
      "loot_stat": "2024-11-01 01:08:59 +0000"
    },
    "done": true
  },
  "graveyard:graveyard/kill_graveyard_mob": {
    "criteria": {
      "skeleton_creeper": "2024-11-01 01:15:57 +0000"
    },
    "done": true
  },
  "iceandfire:iceandfire/dragon_flute": {
    "criteria": {
      "bestiary": "2024-11-01 01:19:31 +0000"
    },
    "done": true
  },
  "iceandfire:iceandfire/dragon_horn": {
    "criteria": {
      "bestiary": "2024-11-01 01:21:59 +0000"
    },
    "done": true
  },
  "tombstone:adventure/fortuitous_militia": {
    "criteria": {
      "coded_trigger": "2024-11-01 01:26:59 +0000"
    },
    "done": true
  },
  "alexscaves:alexscaves/discover_toxic_caves": {
    "criteria": {
      "discover": "2024-11-01 01:28:51 +0000"
    },
    "done": true
  },
  "alexscaves:alexscaves/uranium": {
    "criteria": {
      "uranium": "2024-11-01 01:28:55 +0000"
    },
    "done": true
  },
  "DataVersion": 3465
}